year,avgTemp,minTemp,maxTemp,rainFall,avgPrice
20100101,-4.9,-11,0.9,0,32100
20100102,-3.1,-5.5,5.5,0.8,32100
20100103,-2.9,-6.9,1.4,0,32100
20100104,-1.8,-5.1,2.2,5.9,32100
20100105,-5.2,-8.7,-1.8,0.7,32100
20100106,-7.3,-11.4,-2.5,0.3,32100
20100107,-6.7,-11.2,-1.2,0,32100
20100108,-5.6,-11.4,1.4,0,32100
20100109,-3.1,-8.8,1.8,0.1,32100
20100110,-1.3,-5,2.8,0,32100
20100111,-1.5,-5.1,2.1,0,32100
20100112,-5,-8.2,-1.7,0.4,32100
20100113,-8.3,-11.4,-4.6,0.7,32100
20100114,-6.4,-12.7,0,0.1,32100
20100115,-2.6,-7.9,3.9,0.1,32100
20100116,-4.1,-9.9,2.9,0,32100
20100117,-3.1,-9.8,4.9,0,32100
20100118,-0.4,-7.1,7.7,0,32100
20100119,3.6,-4.6,11,0.3,32100
20100120,8,4.9,11.3,10.8,33167
20100121,1.3,-3.6,7.9,3.1,33250
20100122,-3.1,-5.7,0.8,0,33250
20100123,-2.7,-6.6,2,0.1,33250
20100124,0.4,-5.5,5.8,0,33250
20100125,0.8,-4.3,5.4,0,33250
20100126,-2.3,-7.7,4.3,0,33250
20100127,1.3,-5.9,7.4,6.5,33250
20100128,3.5,-0.7,7.4,0.1,33250
20100129,0.2,-4.3,5,0,33250
20100130,1.9,-3.3,7.5,0,33250
20100131,3,-1.3,9.4,0,33250
20100201,2.2,-1,6.8,0.2,33250
20100202,-2,-5.5,1.8,0,33250
20100203,-4.9,-8.6,-0.3,0,33250
20100204,-2.9,-8.4,2.2,0.1,33250
20100205,-1.8,-5.9,3,0,33250
20100206,-2.6,-8.5,4.7,0,33250
20100207,1.2,-8.3,8.6,0.1,33250
20100208,4.9,2.8,7.3,2.7,33250
20100209,5.6,3.6,7.8,6.9,33250
20100210,5.1,4,6.5,9,34000
20100211,2.4,0.7,5.2,17.3,34000
20100212,0.7,-0.6,2.7,3.1,34000
20100213,-0.7,-3.3,2.2,1.9,34000
20100214,-1.2,-4.9,2.5,0,34000
20100215,-0.5,-4.4,5,0.1,34000
20100216,-1.6,-5,3.2,0.6,34000
20100217,-1.2,-6.1,3.6,0.4,34000
20100218,-1.1,-4.8,2.4,0.5,34200
20100219,-0.6,-6.1,5.4,0.1,34200
20100220,2.2,-4.2,9.7,0,34200
20100221,3.7,-3.4,11.6,0,34200
20100222,5.2,-0.8,12.8,0,34200
20100223,6.4,-1.2,16.4,0,34200
20100224,11.2,1.2,18.9,0,34200
20100225,13.4,10.3,16.4,33.4,34200
20100226,9.4,6,13.5,4.1,34200
20100227,6.3,3.8,9.2,1.5,34200
20100228,7.1,3,12.6,0.1,34600
20100301,5.4,3.4,8,15.6,34600
20100302,4.2,1.8,6.9,0.3,34600
20100303,5.2,-0.4,10.5,0,34600
20100304,5.9,4.4,7.2,3.9,34600
20100305,6.9,5,9.4,3.8,31100
20100306,5.5,3.1,8.1,3.3,31100
20100307,4.2,2.3,7,0.9,31100
20100308,3.8,0.1,7.6,0.9,31100
20100309,2.3,-0.8,5.8,5.7,31100
20100310,-0.3,-2.9,2.6,3.9,31100
20100311,3,-2.8,8.4,0,31100
20100312,8.3,1.7,14.5,0,31100
20100313,6.1,1.6,12.5,0,31100
20100314,8,1,12.9,1.1,31100
20100315,9.4,4.5,14.4,16.5,31100
20100316,3.2,-0.4,7.2,0,31100
20100317,2.4,-2.7,7.3,1.1,31100
20100318,2.1,-1.8,6.5,2.3,31100
20100319,6,-3.5,13.9,0,31100
20100320,10.9,5.1,18.5,1,31100
20100321,4.7,1,9.3,0,31100
20100322,4.4,0.4,8,2,31100
20100323,7,3.3,11.4,2.4,31100
20100324,8.3,3.9,13.1,0.1,32056
20100325,5.1,1.4,8.5,4.6,32150
20100326,3.2,-2,8,0,32150
20100327,5.6,0.5,10,0.9,32150
20100328,6.2,1.7,11.4,0,32150
20100329,5.6,-1.3,12.9,0,32150
20100330,7.8,1,13.6,0,32150
20100331,8.8,6.3,10.9,18.8,32150
20100401,8.9,5.1,11.6,15.8,32150
20100402,7.3,1.3,12.7,0,32150
20100403,6.2,0.8,12.4,0,32150
20100404,8.4,-0.5,16.6,0,32150
20100405,11.9,4.9,19,0,32150
20100406,10,5.1,15.2,0.1,32150
20100407,6.9,1.4,12.9,0.1,32150
20100408,8.5,0,16.5,0,32150
20100409,11.5,4.6,19.5,0,32150
20100410,12.2,6.9,17.7,0.1,32150
20100411,12.3,7.9,17,0.9,32150
20100412,11.8,9.2,15.9,3.8,32150
20100413,6.9,3,11.3,1.6,32150
20100414,4.4,0.9,8.9,0.7,32600
20100415,6.2,-0.2,12.5,0,32600
20100416,7.4,0.2,14.4,0,32600
20100417,8.8,0.8,16.5,0,32600
20100418,10.9,3.8,16.3,0.2,32600
20100419,14.2,10.1,18.4,5.5,32600
20100420,15.6,10.2,22.5,0.2,32600
20100421,12.4,8.7,16.6,8,32600
20100422,9.9,7.9,12.3,13.9,32800
20100423,9.6,6.2,14.5,2,32800
20100424,10.5,4,17.6,0,32800
20100425,12.7,3.8,20.9,0,32800
20100426,12.4,9,17.5,23.7,32800
20100427,10.2,5.6,14.7,4.2,32800
20100428,6.3,3.2,10,7.8,32800
20100429,10.2,5.2,15,0.5,32800
20100430,11.4,5.7,16.8,0,32800
20100501,12.5,4.3,19.9,0,32800
20100502,16.8,7.3,25.1,0,33200
20100503,20,13.7,25.8,0,33200
20100504,20.8,15,27.1,0,33200
20100505,20.2,14,25.7,0.4,33200
20100506,17.6,11.6,23.6,5.2,33200
20100507,16.7,9.9,23.9,0,31100
20100508,17.2,9.3,24.8,0,31100
20100509,18.1,11.6,25.3,0,31100
20100510,16.6,12.4,22,0.1,31100
20100511,13.9,8.5,20.3,0.8,31100
20100512,13.8,7.9,20.4,0,31100
20100513,14.5,8.2,21.2,0,31100
20100514,15.9,8.7,23.1,0,31100
20100515,16,9.8,22.5,0,31100
20100516,18.3,10.2,26.5,0,31100
20100517,19.4,11.5,26.9,5.8,31100
20100518,18,16.4,19.7,51.4,31100
20100519,19.3,15.1,24.6,2.4,31100
20100520,20.6,13.9,28.2,0,31100
20100521,21.7,13.8,30.2,0,31100
20100522,17.8,14.7,22.6,24.2,31100
20100523,15.8,14.3,17.5,26.8,31100
20100524,15,13.5,17.3,4.8,31100
20100525,15.2,12.9,18.4,1.9,31100
20100526,16.3,11.9,21.4,0.2,32056
20100527,16,10.2,22.4,0,32150
20100528,15.5,11.3,20,0,32150
20100529,17.3,12.7,23.5,0,32150
20100530,16.8,11.5,22.9,0,32150
20100531,16.1,11.6,21.5,0.1,32150
20100601,16.4,9.7,23.1,0,32150
20100602,18.4,11,25.5,0,32150
20100603,20.5,13.5,27.6,0,32150
20100604,21.5,14.8,28.7,0,32150
20100605,22,15.3,29.6,0.5,32150
20100606,22.1,16.1,29.7,1.6,32150
20100607,21.7,16.3,28.3,0.6,32150
20100608,21.4,14.9,28.1,0,32150
20100609,22.4,14.8,30,0,32150
20100610,22.6,15.8,30,0,32150
20100611,22.3,16,28.6,0.8,32150
20100612,20.3,17.6,23.3,11.9,32150
20100613,22.7,19,27.7,2.9,32150
20100614,23,18.8,28.1,2.8,32150
20100615,23,19.4,28.7,2.3,32150
20100616,23.4,18.6,29.3,0.2,32600
20100617,24.5,19.5,30.1,0,32600
20100618,23.8,20.7,27.9,1.8,32600
20100619,22.9,20.2,27.1,2.3,32600
20100620,23.4,20.1,28.1,4.6,32600
20100621,23.1,18.8,28.6,0,32600
20100622,23,17,29.3,0,32600
20100623,22.5,17.4,28.4,0,32600
20100624,23.1,16.5,29.9,0,32800
20100625,23.7,18.6,29.6,0.8,32800
20100626,22.6,20.4,25.1,11.4,32800
20100627,22.7,20.6,25.5,3.9,32800
20100628,23.2,20,27.9,9.2,32800
20100629,24.2,20.1,29.4,0.1,32800
20100630,24.1,21.3,28.1,3.7,32800
20100701,24.8,21.8,28.8,5,32800
20100702,24.3,23,26.2,17.1,32800
20100703,24.8,22.8,27.9,6.1,32800
20100704,24.2,22.3,27.1,1.4,33200
20100705,25.3,22.1,30.1,1,33200
20100706,25.8,21.3,31.6,0.4,33200
20100707,24.7,20.7,29.8,1.1,33200
20100708,23.7,20.1,28.4,0.7,33200
20100709,24.5,20.4,30.2,0.8,31100
20100710,24.6,20.4,29.3,4.6,31100
20100711,22.1,20.6,24.5,57.6,31100
20100712,23.2,20.1,26.7,0.6,31100
20100713,23.2,20.3,27,11.3,31100
20100714,23.9,20,28.7,0.1,31100
20100715,24.4,20.5,29.3,0.9,31100
20100716,24.1,22,27.1,54.1,31100
20100717,25.1,23.2,27.8,36.6,31100
20100718,26.8,23.5,30.8,1.1,31100
20100719,27.1,23.4,31.9,0.7,31100
20100720,27.5,23.6,32,0.5,31100
20100721,27.7,24.1,32,2.2,31100
20100722,27.9,24.4,32.4,0.2,31100
20100723,26.2,23.1,30.9,21.3,31100
20100724,26,22.9,30.9,6.7,31100
20100725,26,22.8,31.1,5.6,31100
20100726,26.3,23.1,31.1,1.9,31100
20100727,26.7,22.9,31.9,3.2,31100
20100728,25.2,22.5,28.5,14.4,32056
20100729,26.5,23.4,30.9,0.7,32150
20100730,27,24.1,30.9,0.1,32150
20100731,27.8,24.3,31.7,0,32150
20100801,28.5,25.2,33,0,32150
20100802,27.3,24.2,31.8,4.4,32150
20100803,26.2,23.5,29.9,1.8,32150
20100804,28.2,24.5,32.9,1.9,32150
20100805,28.8,25.2,33.4,2.6,32150
20100806,27.9,25.5,32.2,9.1,32150
20100807,26.9,24,31.7,8.4,32150
20100808,27,23.1,32.3,1.9,32150
20100809,27.9,22.8,33.3,1.3,32150
20100810,26.3,24.5,29.5,43.3,32150
20100811,26.8,24.3,30.4,32.4,32150
20100812,26.3,22.9,30.4,3.1,32150
20100813,26.2,23.6,29.8,38,32150
20100814,27.1,24.8,30,14,32150
20100815,27,24.7,30.1,38.2,32150
20100816,25.4,22.8,29.2,20.6,32150
20100817,25.8,22.3,30.7,16.9,32150
20100818,26.7,23.2,31.8,14.4,32600
20100819,27.6,24,32.4,0.4,32600
20100820,28.1,24.2,33.3,0.2,32600
20100821,28.5,24.3,33.9,0,32600
20100822,28.5,24.3,33.6,0.2,32600
20100823,27.7,24.4,32.1,6,32600
20100824,26.5,23.6,31,6.8,32600
20100825,24.4,22.4,28.1,19.3,32600
20100826,25.5,22.6,29.4,12.7,32800
20100827,26,23,29.9,6,32800
20100828,26.2,24,28.8,18.3,32800
20100829,25.8,23.5,29.3,29.3,32800
20100830,25.9,23.5,30,4.7,32800
20100831,25.4,23,29.9,17,32800
20100901,26.6,23,31.7,14.8,32800
20100902,26,23.5,29.8,26.7,32800
20100903,26.8,23.4,31.7,3.4,32800
20100904,26.9,23,32.1,0.1,32800
20100905,26.6,23.2,32.3,10.3,33200
20100906,24.5,22.9,26.9,21.5,33200
20100907,23.9,21.6,27.1,18.6,33200
20100908,22.1,19.9,25.2,0.2,33200
20100909,22.6,19.3,26.3,12.4,33200
20100910,25.1,21.5,29.8,17.4,32100
20100911,24.2,22.6,26.5,42.6,32100
20100912,23.4,20.3,27.3,34.2,32100
20100913,22.7,19,28,0.2,32100
20100914,22.6,18.8,28,0.2,32100
20100915,22.3,17.6,28.5,0.5,32100
20100916,22.3,16.9,29.5,0,32100
20100917,22.8,17.3,30,0,32100
20100918,23.3,18.1,30.1,0,32100
20100919,21.9,18.2,26.4,6.1,32100
20100920,23.2,20.2,27.3,7.4,32100
20100921,24.9,20.6,29.7,30.1,32100
20100922,18.5,16.1,23.2,9.7,32100
20100923,17.7,13.6,23.3,0.2,32100
20100924,17.3,12.1,23.9,0,32100
20100925,17.3,12.3,23.7,0,32100
20100926,17,13.1,22.6,0.1,32100
20100927,17.5,13.1,23.7,0.6,32100
20100928,16.3,10.6,21.7,0.5,32100
20100929,14.1,9.2,19.9,0,33167
20100930,14.8,9.4,22.3,0,33250
20101001,15.6,9.2,23.2,0,33250
20101002,17.8,12.3,22.6,12.9,33250
20101003,19,15.3,23.5,6.7,33250
20101004,15.6,13.1,19,2.3,33250
20101005,15.4,11.4,20.5,0.1,33250
20101006,15.7,10.4,22.8,0,33250
20101007,16.9,11.3,24.1,0,33250
20101008,17.7,14.1,22.7,3.9,33250
20101009,18.1,14.4,23.7,0.7,33250
20101010,17.6,13,24.6,0,33250
20101011,17.1,12.5,22.5,0.1,33250
20101012,17.3,13.3,22.9,0,33250
20101013,16.2,12.7,20.8,0.3,33250
20101014,15.8,11.4,20.9,0,33250
20101015,13.9,9.1,19.1,0,33250
20101016,14.5,8.2,21.9,0,33250
20101017,14.7,9.2,22.2,0.1,33250
20101018,14.2,8.9,21.7,0.1,33250
20101019,15.1,9.4,22.7,0,33250
20101020,15.3,10.5,21.9,0,34000
20101021,15.5,10.8,21.3,1.1,34000
20101022,15.5,10.8,22.1,0,34000
20101023,15.2,9.9,20.8,0.3,34000
20101024,16.1,13.5,20.5,8.1,34000
20101025,13.1,7.8,17.9,0.3,34000
20101026,5.3,0.8,9.8,0,34000
20101027,6.7,-0.5,13.3,0,34000
20101028,7.6,1.8,14.7,0,34200
20101029,9.1,1.3,17.3,0,34200
20101030,11.3,5.7,18.2,0,34200
20101031,11.3,5.8,17.9,0.6,34200
20101101,11.4,5.7,17.6,0,34200
20101102,8,3.1,12.6,0,34200
20101103,6.9,0.2,14,0,34200
20101104,9.1,2.5,16.9,0,34200
20101105,10.2,4.6,17.7,0,34200
20101106,10.7,5.2,18.1,0,34200
20101107,10.8,5.7,17.8,0.4,34600
20101108,9.4,4.5,14,1.5,34600
20101109,6.1,3.3,9.9,0.1,34600
20101110,5.8,0.2,12.3,0,34600
20101111,9.9,1.6,16.5,5.5,34600
20101112,10.2,4.3,15.3,0.3,31100
20101113,8.9,1.8,16.3,0,31100
20101114,9.2,5.2,14.4,0,31100
20101115,4.1,-0.9,8.8,0,31100
20101116,3.4,-2.7,10.6,0,31100
20101117,5.3,-0.1,12.6,0,31100
20101118,5.1,-0.6,13.4,0,31100
20101119,4.6,-0.9,12.2,0,31100
20101120,6.8,0,16,0,31100
20101121,9.5,2.4,17.3,0,31100
20101122,8.6,2.1,14.3,1.3,31100
20101123,5.6,-1.5,13.2,0,31100
20101124,7.4,1.6,13.8,0,31100
20101125,5.6,1.1,10.4,0,31100
20101126,1.8,-2.7,7.6,0,31100
20101127,3.3,-3.3,10.8,1.3,31100
20101128,1.2,-3.1,5.8,0.2,31100
20101129,4.7,-1.5,11.9,0.9,31100
20101130,7.8,2.3,15.1,0.6,31100
20101201,7.2,2.1,15.3,0,32056
20101202,8.2,3.6,13.2,1.2,32150
20101203,3.8,-0.4,10,0.6,32150
20101204,3.4,-2.7,10.2,0,32150
20101205,7.8,1.1,14.6,0,32150
20101206,6,0.3,12.1,1,32150
20101207,0.8,-2.7,6,0.3,32150
20101208,1.1,-3.5,5.9,2.1,32150
20101209,0.3,-3.8,5,0.1,32150
20101210,4,-5,11.4,0.5,32150
20101211,1.6,-4.7,9.8,0,32150
20101212,-0.8,-7.4,4.8,0.1,32150
20101213,3.7,0.9,5.8,11.9,32150
20101214,0.8,-5,5.7,0,32150
20101215,-6,-8.7,-2.4,0.1,32150
20101216,-5,-10,0,0,32150
20101217,0,-4.9,4.7,0.8,32150
20101218,1,-4.6,8.1,0,32150
20101219,5.5,-1.6,11.3,0,32150
20101220,4.8,-0.4,11.8,0,32150
20101221,3.6,-1.9,11,0,32150
20101222,3.7,-1.1,10.6,0,32600
20101223,1.8,-3.7,7.9,0,32600
20101224,-6.8,-9.5,-2.7,0,32600
20101225,-7.1,-11,-3.1,0.4,32600
20101226,-5.3,-9.6,-1,0.9,32600
20101227,-1.4,-6.6,3.6,0.6,32600
20101228,0.6,-3.4,4.7,3.8,32600
20101229,-2.2,-5.8,1.8,0.2,32600
20101230,-2.8,-6.4,1,4,32800
20101231,-6.1,-9.3,-2.3,1,32800
20110101,-5,-10.4,0.7,0.4,32800
20110102,-3.5,-9.5,3.6,0,32800
20110103,-3.3,-8.5,1.8,1.8,32800
20110104,-2,-6.8,2.2,0,32800
20110105,-0.7,-4,2.5,0,32800
20110106,-4.1,-7.3,-0.5,0.1,32800
20110107,-5.5,-10.8,0.6,0,32800
20110108,-2.6,-10,3.4,0,32800
20110109,-2.9,-8.2,1.4,0,33200
20110110,-6.6,-11.8,-0.8,0,33200
20110111,-3.6,-9.5,1.5,0.4,33200
20110112,-5.1,-9.2,-1.1,0,33200
20110113,-5.6,-11.6,1.4,0,33200
20110114,-2.7,-9.5,3.5,0.1,31100
20110115,-7.7,-13,-1.8,0.2,31100
20110116,-10.1,-14.8,-5.2,0.1,31100
20110117,-7.1,-13.2,-0.6,0,31100
20110118,-5,-10.6,0.5,0,31100
20110119,-4.2,-8.6,0.8,0,31100
20110120,-5.4,-9.3,-0.9,0,31100
20110121,-5,-9.6,0.8,0,31100
20110122,-3.2,-8.9,3,0,31100
20110123,-2.1,-6.6,2.7,1.4,31100
20110124,-4.7,-8.2,-1.4,0.3,31100
20110125,-6,-10.7,-0.3,0,31100
20110126,-5.9,-10.5,-0.4,0,31100
20110127,-5.8,-10.5,-0.5,0,31100
20110128,-4.5,-8.2,0.4,0,31100
20110129,-6.5,-10.5,-2,0.2,31100
20110130,-7.3,-11.8,-2.8,0.2,31100
20110131,-4.8,-11.9,1.3,0,31100
20110201,-0.2,-6.7,7.2,0,31100
20110202,1.5,-3.9,8.9,0,32056
20110203,1,-5.2,8.7,0,32150
20110204,1.9,-3.7,8.8,0,32150
20110205,1.4,-3.4,8.5,0,32150
20110206,2.5,-3.3,8.6,0,32150
20110207,2,-2.9,7.6,0,32150
20110208,2.6,-0.7,6.3,1.3,32150
20110209,0.8,-2.9,5.5,0,32150
20110210,-1,-4.6,3.1,0.3,32150
20110211,-0.8,-4.8,4,4.5,32150
20110212,-3.5,-7.2,0.7,1.9,32150
20110213,-3.7,-9.8,2.5,0,32150
20110214,-2.4,-5.5,0.9,3.4,32150
20110215,-1.3,-7.3,5.6,0,32150
20110216,0.8,-6.3,7.7,1.5,32150
20110217,1.6,-0.8,4.4,3.8,32150
20110218,1.3,-3.9,8.1,0,32150
20110219,2.3,-3.8,9.7,0,32150
20110220,4.1,-2.8,11.9,0,32150
20110221,4.2,-1.4,11.6,0,32150
20110222,4,-2.6,12.4,0,32150
20110223,4.8,-2,13.7,0,32600
20110224,7.4,-0.4,16,0,32600
20110225,4.8,-0.8,10.7,0,32600
20110226,5.5,-2.7,12.8,0.1,32600
20110227,6.1,4.1,8.6,43,32600
20110228,4.9,3.4,7.2,3.8,32600
20110301,2.5,-0.4,5.6,3.2,32600
20110302,0,-3.3,4.3,0,32600
20110303,-0.8,-5.4,4.1,0,32800
20110304,0.7,-4.6,6.8,0,32800
20110305,2.5,-3.8,9,0,32800
20110306,4.9,-0.6,10.8,0,32800
20110307,3.5,-0.1,7.6,0,32800
20110308,3,-2.9,9,0,32800
20110309,2,-2,6.7,0,32800
20110310,2.7,-3.5,8.6,0,32800
20110311,5,-1.5,12,0,32800
20110312,7.6,0.4,15.4,0,32800
20110313,9.8,2.4,18.1,0,33200
20110314,9.1,3.9,16.1,0,33200
20110315,4.1,-0.6,8.9,0,33200
20110316,1.3,-2.4,5.9,0,33200
20110317,2.1,-3.5,8.4,0,33200
20110318,5.8,-3.6,13.8,0,31100
20110319,10.5,4.3,16.4,0,31100
20110320,7.1,4.5,11.3,15.2,31100
20110321,7.9,4.1,13.1,0.6,31100
20110322,3.6,0.1,7.7,0.4,31100
20110323,2.8,-3,8.7,0,31100
20110324,4.8,-0.4,10.6,2.8,31100
20110325,3.1,-0.5,7.1,0.3,31100
20110326,3.2,-2.9,9.3,0,31100
20110327,5.5,-2.5,11.9,0,31100
20110328,6.2,1,11.9,0.4,31100
20110329,5.1,-1.2,11.2,0,31100
20110330,7.9,0.4,15.7,0,31100
20110331,9.7,1.6,19,0,31100
20110401,10.9,1.5,19.8,0,31100
20110402,8.9,4.7,14,0.1,31100
20110403,7.2,2.8,12.1,2.6,31100
20110404,7.8,1.1,15.3,0,31100
20110405,9.1,0.5,18.2,0,31100
20110406,11,1.3,18.9,0.7,32056
20110407,11.7,9.1,14.4,17.1,32150
20110408,11.7,7.1,17.4,3.3,32150
20110409,10.5,3.4,18.1,0,32150
20110410,12.3,4.5,19.9,0.5,32150
20110411,10.1,5.1,15.4,2.7,32150
20110412,10.2,1.4,18.3,0,32150
20110413,12.1,3.6,20.2,0,32150
20110414,13.2,4.3,21.2,0,32150
20110415,16.2,9.8,23.5,0.1,32150
20110416,11.5,6.1,18.8,0.1,32150
20110417,11.3,4,18.7,0,32150
20110418,7.9,5.1,11.8,2.7,32150
20110419,9.2,4.2,15.1,0.7,32150
20110420,10.8,2.8,18.5,0,32150
20110421,13.4,5.4,20.3,0,32150
20110422,10.7,8.7,13.9,26.8,32150
20110423,10.7,6.3,15.8,0,32150
20110424,10.4,5,16,0.4,32150
20110425,12.9,6.3,18.8,0.3,32150
20110426,12.4,9.8,15.3,11.9,32150
20110427,12.1,8.2,16.8,2.4,32600
20110428,10.2,5.9,15.4,0.7,32600
20110429,13.3,4.1,19.9,0.6,32600
20110430,17,13.3,21.3,37.3,32600
20110501,15.1,11.2,18.7,2.3,32600
20110502,15.3,9.5,21.9,0,32600
20110503,16,10.8,22.5,0,32600
20110504,14.4,7.4,21.3,0,32600
20110505,15.1,8.5,21.8,0,32800
20110506,14.9,9.5,19.3,1.1,32800
20110507,17.9,13.7,24.2,1.2,32800
20110508,18.4,12.3,25.5,0,32800
20110509,19.7,14.1,24.6,5.7,32800
20110510,18.5,15.2,22.6,41.3,32800
20110511,15.8,14,18.1,46.4,32800
20110512,15.1,11.6,19.3,2.9,32800
20110513,16.2,10,22.2,0,32800
20110514,17.6,11.1,24.3,0,32800
20110515,17.7,9.3,25.6,0,33200
20110516,16.6,11.2,22.5,0,33200
20110517,16.2,8.6,23.5,0,33200
20110518,18.9,10.4,26.1,0,33200
20110519,20.4,15,25.8,0.1,33200
20110520,20.2,16.4,24.5,3.3,32100
20110521,17.5,14.3,22.1,4.4,32100
20110522,16.9,13,22.1,1.8,32100
20110523,15.7,12,20.4,3.5,32100
20110524,18,9.8,26.1,0,32100
20110525,18.8,13.2,24.8,0,32100
20110526,16.3,14.3,19,6.2,32100
20110527,16.7,14,20.1,0.7,32100
20110528,18.6,13.5,24.9,0,32100
20110529,19.5,13.9,26.1,0,32100
20110530,19,13.6,25.2,0,32100
20110531,17.2,15.3,20,2,32100
20110601,17.6,14.5,22.2,11.6,32100
20110602,18.5,14.7,24.3,0,32100
20110603,19.6,14.2,26.1,0,32100
20110604,20.8,16.5,26,0.1,32100
20110605,21.5,16.1,28.3,0,32100
20110606,21.3,14.6,27.8,0,32100
20110607,21.5,15.1,28.3,0,32100
20110608,22.1,15.7,28.8,0.4,33167
20110609,21.2,17.3,25.6,0.3,33250
20110610,21.2,17.7,25.1,2.8,33250
20110611,22.9,17,29.6,1.4,33250
20110612,22.2,17.6,28.3,0.8,33250
20110613,20.7,16.8,25.8,0.1,33250
20110614,21.3,15.8,27.4,0,33250
20110615,21.7,17,27.2,0.1,33250
20110616,22.6,17.2,28.5,0,33250
20110617,22,16.6,28.1,0,33250
20110618,22.3,18.2,27.3,1.5,33250
20110619,23.1,17.1,29.5,0,33250
20110620,23.3,17.5,29.9,0.8,33250
20110621,24.8,18.5,31.5,0.1,33250
20110622,23.8,20.9,27.3,22.1,33250
20110623,25.2,22.5,28.4,21.6,33250
20110624,22.1,19.8,25.5,52.1,33250
20110625,19.7,18.4,21.8,54.1,33250
20110626,20.6,18.3,23.2,48.3,33250
20110627,21.7,18.6,25.2,3.4,33250
20110628,23.8,18.4,29.6,4.7,33250
20110629,24.7,21.8,28.8,34,34000
20110630,24.6,21.9,28.2,19.4,34000
20110701,25.1,21.9,29.6,0.8,34000
20110702,26,22.2,30.7,2.1,34000
20110703,24.2,22.1,26.5,49.1,34000
20110704,24.3,20.5,29,9,34000
20110705,24.2,19,30.4,0,34000
20110706,22.8,19.5,27,4.2,34000
20110707,23.2,20.9,25.7,21.8,34200
20110708,24.4,22.5,27.3,22.6,34200
20110709,23.2,21.2,26.1,84.4,34200
20110710,23.2,21,26.6,57.2,34200
20110711,23.2,20.7,27,20.6,34200
20110712,24,21.8,26.8,30.7,34200
20110713,24.9,22.8,27.2,8.9,34200
20110714,25.3,23.3,28.6,20.4,34200
20110715,26.1,23.2,30.1,6.8,34200
20110716,26.2,22.8,30.5,9.3,34200
20110717,26.4,22.6,31.4,2.9,34600
20110718,27.1,22.8,32,0.1,34600
20110719,27.5,23.7,31.8,0.7,34600
20110720,26.7,22.4,31.8,0,34600
20110721,24.4,20.8,28.9,1.4,34600
20110722,23,20.1,26.6,3.6,31100
20110723,24.5,21.4,29.1,2.1,31100
20110724,23.9,22.1,27,14.1,31100
20110725,24.6,21.6,28.6,6,31100
20110726,26,22.6,29.8,17.5,31100
20110727,26.2,24,29,55.6,31100
20110728,26.9,24,30.7,12.1,31100
20110729,26.9,23.9,31.4,7.7,31100
20110730,26.4,23.7,30.6,6.5,31100
20110731,25.7,23.2,29.2,13.3,31100
20110801,25.2,23.3,28.2,33.6,31100
20110802,25.5,23.3,28.8,13,31100
20110803,26.3,23.4,30.6,9.3,31100
20110804,26.9,23.4,31.8,2.9,31100
20110805,27.9,23.3,33.2,0.1,31100
20110806,27.4,24.1,31.8,2.5,31100
20110807,27.5,24.4,30.8,32.9,31100
20110808,26.6,23.9,29.9,28.8,31100
20110809,25.1,23.3,27.5,35.9,31100
20110810,26,23.9,29.3,11.9,32056
20110811,27,24.1,31.5,5.9,32150
20110812,26.3,23.9,30.2,15.6,32150
20110813,26,23.5,29.7,6.4,32150
20110814,26.1,23.5,30.6,4.4,32150
20110815,26.2,23.3,30.1,1.7,32150
20110816,26.5,23.7,30.6,12.6,32150
20110817,25.3,23.6,28.1,25.6,32150
20110818,24.7,22.2,28.7,5.6,32150
20110819,22.9,20.7,25.5,3.5,32150
20110820,21.1,19.1,23.7,15,32150
20110821,22.5,18.3,27.9,2.9,32150
20110822,21.7,18.6,25.7,2,32150
20110823,21.7,17.9,25.7,3.3,32150
20110824,22.4,19.4,25.9,2,32150
20110825,23.4,20.1,27.5,0.4,32150
20110826,23.9,21,27.7,1.4,32150
20110827,25,21.8,29.5,0.8,32150
20110828,25.2,21.3,30.2,0,32150
20110829,25.8,21.9,31,1.4,32150
20110830,25.7,22.4,30.9,0.7,32150
20110831,26,22.1,31.8,0,32600
20110901,25.8,21.1,32.1,0,32600
20110902,25.2,20.6,30.3,0.5,32600
20110903,24.7,20.9,29.5,0.2,32600
20110904,23.3,19.4,28.3,2.1,32600
20110905,22.4,18.3,28.1,1.9,32600
20110906,21.8,16.7,28.3,0.1,32600
20110907,21.3,14.8,27.9,0,32600
20110908,21.8,18.7,25.8,0.1,32800
20110909,20.8,18.8,23.9,1.6,32800
20110910,19.8,18.1,22.1,16.2,32800
20110911,21.6,19.1,24.6,24.5,32800
20110912,23.7,21.1,28.2,4,32800
20110913,24.5,21.3,29.5,0.1,32800
20110914,24.9,21.3,30.5,0,32800
20110915,24.8,20.4,31.1,0,32800
20110916,25.2,20.6,31.5,0,32800
20110917,24.8,21,30,3.3,32800
20110918,21.6,19,25.3,3.6,33200
20110919,18,15.7,20.5,0.6,33200
20110920,17.4,13.5,21.5,0.1,33200
20110921,17.3,12.1,23.2,0,33200
20110922,16.7,10.4,24,0,33200
20110923,17.5,11.1,25.3,0,31100
20110924,18.1,11.9,25.5,0,31100
20110925,18.4,12.5,25.8,0,31100
20110926,18.4,12.2,26.5,0,31100
20110927,18.4,11.2,26.4,0,31100
20110928,18.5,13.7,23.5,0,31100
20110929,17.9,16,20.2,12.4,31100
20110930,16.9,11.8,21.5,0.2,31100
20111001,13.4,8.7,19.3,0,31100
20111002,12.9,8.2,18.7,0,31100
20111003,12.3,6,20.1,0,31100
20111004,13.9,6.5,21.9,0,31100
20111005,15.6,11,22.5,0,31100
20111006,15.6,9.9,22.3,0,31100
20111007,14.1,7.9,21.7,0,31100
20111008,14.5,8.2,22.7,0,31100
20111009,15.5,9.1,23.1,0,31100
20111010,16.5,10.5,24.5,0,31100
20111011,16.1,10.8,23.8,0,31100
20111012,15,8.5,21.5,0,32056
20111013,16.7,10.9,24.6,0,32150
20111014,14.4,12.4,16.1,9.8,32150
20111015,15.7,11.8,20.6,5.3,32150
20111016,15.5,10.8,20.4,0.4,32150
20111017,13,7.2,19.1,0,32150
20111018,9.8,3.3,17.9,0,32150
20111019,12.3,4.1,21.1,0,32150
20111020,15,9.1,21.4,0,32150
20111021,15.9,11.5,20.1,9.1,32150
20111022,15.2,11.9,19,22,32150
20111023,14.7,10.1,19.7,0,32150
20111024,14.2,11,17,1.9,32150
20111025,8.6,3.8,13.5,0,32150
20111026,8,1,16.5,0,32150
20111027,10.8,3.5,19.4,0,32150
20111028,13,7.7,20.2,0,32150
20111029,13.3,10,17.1,2.3,32150
20111030,14.1,9.8,19.6,0.3,32150
20111031,13.2,7.3,21.2,0,32150
20111101,14.9,8.1,22.3,0,32150
20111102,16.3,12.5,22.1,0.1,32600
20111103,17.2,12.1,23.8,0,32600
20111104,18.7,14,23.8,2.3,32600
20111105,18.9,16.2,23.4,21.1,32600
20111106,16.2,14.5,19,9,32600
20111107,15.5,13.3,19.2,0.3,32600
20111108,14.3,11.8,17.6,1.1,32600
20111109,13.7,11.4,16.6,0.8,32600
20111110,13.4,10.1,16.9,0.1,32800
20111111,12.4,9.3,16.6,1.9,32800
20111112,11.7,7.7,17,0,32800
20111113,11.7,7.5,17,0,32800
20111114,8,3.5,13.5,0,32800
20111115,7,1.7,14,0,32800
20111116,9.1,1.7,17,0,32800
20111117,11.9,6.8,15.7,1,32800
20111118,14.5,11.4,17.5,20.6,32800
20111119,13.2,7.6,18.1,6.3,32800
20111120,3.9,0.9,7.7,0,33200
20111121,2.7,-1.8,8.4,0,33200
20111122,5,-1.1,9.2,0.2,33200
20111123,5.5,1.9,10.4,5.2,33200
20111124,1.9,-1.7,5.9,0,33200
20111125,2.9,-1.8,9.3,0,31100
20111126,5.9,-0.9,12.5,0,31100
20111127,10.7,5.2,17.5,0.1,31100
20111128,12,7.8,18.2,0.4,31100
20111129,11.8,8.2,16.6,2.4,31100
20111130,8,5,11.5,29.7,31100
20111201,6,4.3,8.2,1.6,31100
20111202,6.5,3,9.4,2.6,31100
20111203,6.3,3.2,9.6,7,31100
20111204,4.9,0.9,9,0,31100
20111205,2.8,-1.7,8.2,0,31100
20111206,4.6,1.6,9.2,0.2,31100
20111207,5.7,2.4,9.1,0,31100
20111208,3.3,-0.5,7.4,1.7,31100
20111209,-0.6,-3,2.7,1.5,31100
20111210,-0.5,-4.7,3.4,0.5,31100
20111211,3.5,-0.5,7,0,31100
20111212,4.4,-0.5,9.5,0,31100
20111213,2.2,-3.4,9.8,0,31100
20111214,3.9,-2.8,10,0,32056
20111215,0.1,-3.9,5.3,0,32150
20111216,-3.7,-6.4,-0.3,0.5,32150
20111217,-3.4,-8.1,1.5,0,32150
20111218,-0.6,-4.9,4.3,0,32150
20111219,-1.1,-6,4.7,0,32150
20111220,-0.2,-5.8,5.5,0,32150
20111221,2.4,-1.9,6.7,0.1,32150
20111222,-1.6,-6.6,3.5,0.1,32150
20111223,-4.4,-9.3,1,0.3,32150
20111224,-3.1,-7.2,1.2,0.8,32150
20111225,-4.1,-7.9,0,0.1,32150
20111226,-4.8,-9,0.2,0,32150
20111227,-3.3,-9.1,3.8,0,32150
20111228,-0.5,-6.3,5.9,0.1,32150
20111229,0.2,-4.5,5.4,0.3,32150
20111230,-2.1,-6.7,4.6,0,32150
20111231,-1.2,-7.1,3.8,0,32150
20120101,-0.3,-4.7,3.8,0.4,32150
20120102,-2.8,-7.5,2.6,0,32150
20120103,-1.9,-5.8,2.8,0.7,32150
20120104,-4,-6.6,-1,0.8,32600
20120105,-4.1,-8.7,1.5,0,32600
20120106,-2.6,-7.8,3.7,0,32600
20120107,-3.3,-9,4.1,0,32600
20120108,-1.9,-8.2,4.7,0,32600
20120109,0.1,-4,4.9,0,32600
20120110,0,-3.7,4.5,0,32600
20120111,-3,-7.6,0.7,0,32600
20120112,-3.4,-9.6,2.2,0,32800
20120113,-0.2,-4.8,5.3,0,32800
20120114,-1,-6.6,4.9,0,32800
20120115,-0.6,-3.9,3.8,0,32800
20120116,1.2,-4,7.3,2,32800
20120117,2.8,-1.2,8.6,0.2,32800
20120118,2.4,-1.8,7.3,0.4,32800
20120119,4.8,1.7,7.4,5.9,32800
20120120,5.9,3.5,8.9,1.4,32800
20120121,3.8,1.4,6.7,1.5,32800
20120122,-1.7,-6.2,2.5,0,33200
20120123,-6.3,-9.6,-2.3,0,33200
20120124,-5.8,-10.6,-0.7,0.2,33200
20120125,-5.9,-9.7,-2,0.7,33200
20120126,-3.3,-10.9,3.2,0,33200
20120127,0.1,-4.9,6.1,0.1,32100
20120128,0.2,-3.8,5.7,0,32100
20120129,-0.9,-5.8,4.8,0,32100
20120130,-2.8,-7.1,2.4,0,32100
20120131,-2.3,-9.2,3.4,3.3,32100
20120201,-6.5,-10.6,-0.4,0.3,32100
20120202,-10.2,-13.9,-5.7,0.1,32100
20120203,-7,-13.7,-0.9,0,32100
20120204,-1.9,-7.5,4.1,0.1,32100
20120205,-0.6,-5.2,5.6,0,32100
20120206,1.2,-4.3,6.2,1.6,32100
20120207,-3.7,-8.5,3,0,32100
20120208,-6.3,-11.1,-1.6,0.4,32100
20120209,-3,-8.8,1.7,0.2,32100
20120210,-1.4,-6.2,3.7,0,32100
20120211,-2.4,-8,3.6,0,32100
20120212,0,-7.2,6.7,0,32100
20120213,2.3,-0.9,6.5,0.5,32100
20120214,3.4,-0.8,9,3.4,32100
20120215,2.1,-1,7,0,33167
20120216,0.3,-3.7,4.9,0,33250
20120217,-3.6,-6.5,0.1,0.1,33250
20120218,-4.8,-9,-0.3,0.1,33250
20120219,-3.3,-9.1,2.7,0,33250
20120220,-0.6,-8.4,7,0,33250
20120221,0.8,-4.5,6.3,0.7,33250
20120222,4.4,-2.2,10.7,0,33250
20120223,5.7,1.1,10.8,0,33250
20120224,4.5,-0.4,9.4,0.3,33250
20120225,2.2,-0.5,5.3,1,33250
20120226,-0.1,-3.1,4.3,0.6,33250
20120227,-0.3,-6.4,6.8,0,33250
20120228,1.6,-4.3,7,0.6,33250
20120229,4.6,-2.2,12.1,0.1,33250
20120301,7.3,0.9,14.5,0,33250
20120302,5.8,4.1,7.9,2.1,33250
20120303,6.2,2.4,10.6,0.5,33250
20120304,5.6,2.7,8.4,4.4,33250
20120305,5.3,3.6,7,15.7,33250
20120306,4.9,2.3,7.9,3.6,33250
20120307,4.5,0.6,9.9,0,34000
20120308,3.9,-0.4,9.5,0,34000
20120309,3.9,-1.2,9.6,0.5,34000
20120310,4.5,0.7,9.6,0.1,34000
20120311,0.3,-2.8,3.4,0,34000
20120312,-0.3,-5,5.1,0,34000
20120313,1.6,-4.9,8.2,0,34000
20120314,4.5,-2.7,11,0,34000
20120315,6.1,-0.2,12.9,0,34200
20120316,7.2,3.4,11.2,5.4,34200
20120317,9.3,6.7,13.4,1.9,34200
20120318,7.3,2.6,12.4,1.2,34200
20120319,3.9,-0.8,9.5,0,34200
20120320,3.9,-1.9,10,0,34200
20120321,5.3,-2.2,12.7,0,34200
20120322,6.6,2.3,10.4,7.6,34200
20120323,6,3.7,8.3,19,34200
20120324,4.8,2.2,8.8,1.2,34200
20120325,4.4,1,8.8,0,34600
20120326,4.6,-1.3,10.8,0,34600
20120327,8.1,-0.7,15.6,0,34600
20120328,9.9,3.7,17.4,0,34600
20120329,11.9,1.8,18.9,0.6,34600
20120330,12,7.8,15.5,25,31100
20120331,7,2.8,11.8,0.1,31100
20120401,5.5,-0.2,11.7,0,31100
20120402,10.1,1.3,16.9,5.7,31100
20120403,6.7,2.8,13.3,24,31100
20120404,8.7,0.7,15.7,0,31100
20120405,8.3,3,14.2,0,31100
20120406,6.3,0.7,12.3,0,31100
20120407,6.8,0,13.8,0,31100
20120408,13.3,2.7,21,0,31100
20120409,16,10.7,22.4,0,31100
20120410,13.7,10.1,18,4.8,31100
20120411,12.5,7.8,17.6,2.2,31100
20120412,10.8,3.8,17.1,0,31100
20120413,10.5,7.4,14.7,0.7,31100
20120414,12.7,6.2,20.1,0,31100
20120415,14.7,7.6,23.3,0,31100
20120416,13.3,6.9,21.1,0,31100
20120417,11.9,4.8,19.2,0,31100
20120418,13.5,5.7,21.2,0,32056
20120419,13.6,8.6,19.2,1.9,32150
20120420,15,11.5,19.6,0.7,32150
20120421,12.6,10.7,15,57.6,32150
20120422,12.4,9.5,16.4,4.1,32150
20120423,15.7,8.8,22.8,0.1,32150
20120424,19,11.1,27.2,0,32150
20120425,14.7,11.4,18.9,28.6,32150
20120426,13.1,8.2,18.1,0.5,32150
20120427,14.5,5.4,23.1,0,32150
20120428,16.9,8.6,24.9,0,32150
20120429,16.8,11,22.1,0,32150
20120430,18.7,12.9,23.7,0.3,32150
20120501,18.8,14.7,23.2,5.6,32150
20120502,19,15.6,23.7,1.2,32150
20120503,17.4,13.4,22.8,1.5,32150
20120504,18.9,12,26.1,0.1,32150
20120505,19.6,13.3,26.2,0.1,32150
20120506,17.7,10.6,25,0,32150
20120507,18.4,10.7,26.5,0,32150
20120508,18.9,12.5,27,1.1,32150
20120509,18.4,12.6,26.1,0.1,32600
20120510,15.9,12.2,20.8,0.2,32600
20120511,14.5,12.4,17.8,0.1,32600
20120512,15.5,11.3,20.9,0,32600
20120513,16.9,12.2,22.4,0,32600
20120514,15.6,14,17.1,17.6,32600
20120515,17.5,13.1,22.9,0.5,32600
20120516,17.3,11.4,23.7,0.1,32600
20120517,16.1,11.2,21.8,1.3,32800
20120518,16.7,9.3,24.6,0,32800
20120519,17.8,11,24.6,0,32800
20120520,19,11.6,26.9,0,32800
20120521,19.4,12.3,26.7,0,32800
20120522,20,12.5,27.7,0,32800
20120523,20.7,14.6,28.1,0,32800
20120524,19.7,14.8,25.4,0.3,32800
20120525,19.9,15.3,26.1,0.3,32800
20120526,19.7,12.7,27.4,0,32800
20120527,20.4,13,27.6,0.3,33200
20120528,19.7,14.9,25.8,1.3,33200
20120529,20.4,15.1,26.7,0.1,33200
20120530,18.7,16.6,21.9,3.5,33200
20120531,19.6,15.5,25.5,1.1,33200
20120601,19.8,14.3,25.8,0,31100
20120602,20.3,16.4,26.5,1.5,31100
20120603,20.9,14.6,27.7,0,31100
20120604,21.6,15.6,27.5,0.2,31100
20120605,23.1,18.7,28.8,0,31100
20120606,22.7,18.5,28,0,31100
20120607,22.7,17.9,28.8,0,31100
20120608,20.1,18,23.5,7.7,31100
20120609,21.6,17.6,27,0,31100
20120610,22.1,17.5,27.9,1.1,31100
20120611,21.5,17.9,26.3,0.2,31100
20120612,22,17.9,27.6,2.2,31100
20120613,21.4,17.7,26.4,1.4,31100
20120614,21.5,17.4,26.6,0,31100
20120615,20.4,18.1,23,4.5,31100
20120616,22.2,17.5,27.7,0.3,31100
20120617,23.2,17.8,29.2,0,31100
20120618,22.2,18.5,27.1,3.3,31100
20120619,22.9,18.8,28.9,7.2,31100
20120620,22.6,18.3,27.7,0.2,32056
20120621,23.5,18.9,29.8,0.1,32150
20120622,23.1,18.4,28.9,0.1,32150
20120623,23.8,19.2,29.8,1,32150
20120624,23.3,19.6,27.1,0.8,32150
20120625,22.7,18.2,27.7,0,32150
20120626,21.7,18.6,25.5,0.4,32150
20120627,21.4,18.7,25,0.2,32150
20120628,22.8,18.1,28,0,32150
20120629,23.5,19.4,28.7,4.6,32150
20120630,23.3,20.9,26,37.4,32150
20120701,23.4,20.4,27.7,0.5,32150
20120702,24,19.9,29.2,0.1,32150
20120703,24.6,20.4,29.3,1.1,32150
20120704,25.4,22,29.6,0.3,32150
20120705,23.9,22.3,26.1,25.2,32150
20120706,23.2,21,25.5,64,32150
20120707,23,19.6,28.1,2.1,32150
20120708,24,19.3,29.7,0,32150
20120709,24.9,20,30.7,0,32150
20120710,24,20.9,27.8,6.4,32150
20120711,24.1,21.9,27.3,33.2,32600
20120712,25,21.1,29.1,0.8,32600
20120713,24.8,21.9,29,23.6,32600
20120714,23.3,21.3,25.8,25.1,32600
20120715,22.4,20.3,25.1,48.2,32600
20120716,23,20.4,26.5,0.6,32600
20120717,23.5,21.2,26.3,8,32600
20120718,25.4,22.7,28.6,14.1,32600
20120719,25.6,23.1,29.2,27.9,32800
20120720,26.1,22.8,30.8,0.2,32800
20120721,26.1,22.3,31,0.1,32800
20120722,25.6,23.3,29,3.9,32800
20120723,27.3,23.8,31.8,0.7,32800
20120724,28,24.1,33.1,0,32800
20120725,28,23.6,33.4,0,32800
20120726,27.9,23.3,33.4,0,32800
20120727,28,23.6,33.2,0,32800
20120728,28.2,23.8,33.6,0,32800
20120729,28.7,24.1,34,0,33200
20120730,28.8,24.4,33.8,1.2,33200
20120731,28.9,24.7,34.3,0.1,33200
20120801,29.4,24.3,34.9,0,33200
20120802,28.8,25.5,32.9,0.3,33200
20120803,28.8,24.9,33.6,0,31100
20120804,28.8,24.3,34.3,0,31100
20120805,29.2,23.6,35.3,0,31100
20120806,29,24.4,34.5,1.2,31100
20120807,28.2,24,33.5,0.2,31100
20120808,27,22.3,32.4,0,31100
20120809,27.2,23,32.7,0.2,31100
20120810,25.3,23.1,29,8,31100
20120811,26.9,22.7,31.8,0.8,31100
20120812,26.2,23.7,30.2,26.8,31100
20120813,25.5,23.2,28.8,35,31100
20120814,25.4,22.4,29.1,6.2,31100
20120815,26.5,23.5,30.2,42.8,31100
20120816,25.6,23.1,29.3,21.1,31100
20120817,26.9,23.4,31.8,2.7,31100
20120818,27.6,24.6,31.8,2.6,31100
20120819,28.2,25.3,32.2,1.5,31100
20120820,26.8,24.8,29.3,17.7,31100
20120821,26.7,24,31.3,17.4,31100
20120822,23.6,21.7,26.7,29.4,32056
20120823,22.4,20.6,24.7,38.5,32150
20120824,22.4,20.6,24.4,40.8,32150
20120825,25.6,22,30.6,3.4,32150
20120826,27,22.8,32.2,0,32150
20120827,27.1,23.1,30.8,1.9,32150
20120828,25.9,23.4,28.6,38.3,32150
20120829,26.2,23.2,30.3,2.6,32150
20120830,22.3,19.6,25.4,67.5,32150
20120831,22.6,18.3,27.7,1.7,32150
20120901,22.9,19.1,28.1,0.5,32150
20120902,23.3,19.9,28.4,0.3,32150
20120903,23.7,19.9,29,0.1,32150
20120904,23.1,19.8,27,23.3,32150
20120905,22.8,18.2,28,9.9,32150
20120906,20.8,15.7,27.2,0,32150
20120907,21.9,15.7,27.5,8.7,32150
20120908,21.9,18.8,26.4,33.3,32150
20120909,19.9,18,22.8,7.9,32150
20120910,21,17.3,26.3,10.4,32150
20120911,20.9,16.1,26.9,0,32150
20120912,21.1,16.5,26.3,0,32600
20120913,21.3,19.3,23.9,5.8,32600
20120914,19.8,17.6,22.7,4.3,32600
20120915,19.8,16.8,23.6,2.9,32600
20120916,18.8,17.3,20.7,46.6,32600
20120917,18.8,17.4,20.9,95.5,32600
20120918,20.7,17.2,25.4,0.1,32600
20120919,19.6,15.5,25.1,0.3,32600
20120920,18.9,14.1,25.4,0,32800
20120921,18.7,14.1,24.9,0,32800
20120922,19.1,14.2,25.8,0.1,32800
20120923,19.3,14.1,26.2,0,32800
20120924,19.1,13.5,26.2,0,32800
20120925,19.2,13.6,26.2,0,32800
20120926,18.8,13.4,25,0,32800
20120927,18.8,15.2,23.7,0,32800
20120928,18.6,14.4,24.5,1.6,32800
20120929,16.6,12.4,21.7,0.1,32800
20120930,15.9,10.6,22,0,33200
20121001,16.7,11.1,23.7,0,33200
20121002,17.3,12,24.4,0,33200
20121003,17.4,11.8,24.6,0,33200
20121004,17.1,11.1,24.5,0,33200
20121005,17.5,12.3,22.8,0,32100
20121006,17.9,13.5,24,0.1,32100
20121007,16.7,11.2,23.8,0,32100
20121008,15.6,10.5,22.4,0,32100
20121009,15.2,9.2,21.9,0,32100
20121010,15.4,10.5,21.9,1.6,32100
20121011,13.7,8.7,19.9,0,32100
20121012,13.4,6.6,21.9,0,32100
20121013,14.5,8.6,22.9,0,32100
20121014,15.4,9.6,23.5,0,32100
20121015,13.7,7.7,22,0,32100
20121016,15.6,7.7,23,0,32100
20121017,13.6,8.2,18.1,1.6,32100
20121018,10.5,4.2,17.7,0,32100
20121019,12.3,5.5,20.6,0,32100
20121020,13.6,7,21.2,0.1,32100
20121021,15.7,9.2,24,0,32100
20121022,14.7,10.5,20.2,26.7,32100
20121023,11,6.3,16.2,0,32100
20121024,11.6,5.9,18.2,0,33167
20121025,13.2,7.4,21,0.1,33250
20121026,14.5,8.6,22.2,0,33250
20121027,14.8,11.9,17.2,25.4,33250
20121028,15.4,9.8,20.6,0,33250
20121029,12.1,6.8,18.5,0,33250
20121030,10.3,5.4,15,0.3,33250
20121031,8.2,3.5,13.7,0.4,33250
20121101,7.2,2.6,11.8,0.1,33250
20121102,6.2,0.3,13.7,0,33250
20121103,8.1,0.8,16.7,0,33250
20121104,10.8,5.4,14.9,5.8,33250
20121105,10.4,6.9,14.8,3,33250
20121106,9.3,6.3,12.4,4.5,33250
20121107,9.8,6.1,14.3,0,33250
20121108,10,5.5,15,0,33250
20121109,9.8,4.9,16.2,0,33250
20121110,12.1,7.7,15.6,3,33250
20121111,10.6,6.9,15,18.1,33250
20121112,9.6,6.9,12.5,1.2,33250
20121113,7.3,3.9,11.2,3.1,33250
20121114,4.8,2.2,8.2,0.7,34000
20121115,4.9,0.1,11.3,0,34000
20121116,5.9,-0.5,10.9,5.7,34000
20121117,7.5,3.6,10.9,4,34000
20121118,4.5,-0.2,10.8,0,34000
20121119,5.3,-0.2,11.6,1.1,34000
20121120,3.2,-1.1,8.2,0,34000
20121121,3.7,-2.3,9.6,0,34000
20121122,6.2,0.5,12.5,0,34200
20121123,6.1,3.2,9.8,0.5,34200
20121124,3.3,-1.3,8.8,0,34200
20121125,3.5,-2.9,9.3,1.2,34200
20121126,3.8,0.7,8,2.8,34200
20121127,1.8,-2.9,7.7,0,34200
20121128,6.2,-0.9,13.2,0.8,34200
20121129,2.9,-1.4,8.1,0,34200
20121130,2.6,-2.4,8.6,0.1,34200
20121201,1,-3.5,5.7,0.2,34200
20121202,3.1,-0.7,8.4,0.6,34600
20121203,3.2,-1.3,8.4,3.2,34600
20121204,0.2,-2.7,3.7,0.1,34600
20121205,0,-3.8,5.4,6.7,34600
20121206,-3.8,-7.4,-0.2,0.6,34600
20121207,-2.1,-6.4,2,3.3,31100
20121208,-3.9,-7.6,0.1,0.9,31100
20121209,-6.2,-10.1,-2.2,0.4,31100
20121210,-5.4,-10.2,0.1,0,31100
20121211,-4.2,-9.6,2.1,0,31100
20121212,-3.6,-8.8,3.6,0,31100
20121213,-1.3,-8.4,6.7,0,31100
20121214,3.3,-1.2,6.6,25.3,31100
20121215,5.3,2.1,8.7,0.5,31100
20121216,3.3,-0.4,8.7,0,31100
20121217,2.7,-0.6,7.1,0,31100
20121218,-2.8,-5.8,0.6,0,31100
20121219,-4.2,-8.1,0.8,0,31100
20121220,-1.8,-7.3,4.4,0,31100
20121221,0.9,-2.2,3,6.7,31100
20121222,0.1,-3.2,3.1,0,31100
20121223,-4.8,-9.2,-1.3,0.4,31100
20121224,-6.7,-12,-1.4,0.1,31100
20121225,-4.3,-9.5,0.7,0.3,31100
20121226,-8,-12.6,-2.1,0,32056
20121227,-4.1,-11.5,2.7,0,32150
20121228,-0.7,-3.3,2.2,7.3,32150
20121229,0.7,-3.1,4.2,2.2,32150
20121230,-3.5,-8.1,1.4,1.5,32150
20121231,-6.1,-10.5,-1.2,0.2,32150
20130101,-3.2,-9.1,2.6,2,32150
20130102,-6,-11.2,0,0.4,32150
20130103,-9.9,-13.9,-5.1,0,32150
20130104,-9,-14.7,-1.9,0,32150
20130105,-5.9,-13.1,1,0,32150
20130106,-4.1,-8.5,2.1,0,32150
20130107,-4,-9.7,2.5,0,32150
20130108,-3.2,-8.7,3.2,0,32150
20130109,-5.6,-9.6,-1.5,0,32150
20130110,-6.9,-12,-0.8,0,32150
20130111,-4.3,-11.8,2.9,0,32150
20130112,0.3,-5.6,7,0.1,32150
20130113,-0.7,-4.7,3.9,0,32150
20130114,-0.7,-6.1,5.7,0.1,32150
20130115,-1.9,-7.2,4.9,0,32150
20130116,-0.7,-5.7,3.9,0.1,32600
20130117,-2.8,-6.2,0.3,1.9,32600
20130118,-3.3,-9.1,3.2,0,32600
20130119,-0.1,-5.3,5.9,0,32600
20130120,1.4,-4.7,7,0,32600
20130121,3.8,2.2,5.3,19.3,32600
20130122,3.6,2.3,5.7,2.2,32600
20130123,2.5,0.9,4.1,1.4,32600
20130124,0.9,-3.2,4.6,0.3,32800
20130125,-4.6,-6.7,-1.5,0,32800
20130126,-5.5,-8.9,-1.2,0,32800
20130127,-5,-8.8,-0.8,0,32800
20130128,-1.8,-8.7,4.4,0,32800
20130129,2.2,-3.2,8,0,32800
20130130,4.1,-0.9,11,0,32800
20130131,6.4,0.3,12.7,0.5,32800
20130201,8.6,4.8,12.2,31.3,32800
20130202,3,-2,8.1,0,32800
20130203,-0.2,-4.7,2.8,3.2,33200
20130204,2,-1.6,6.3,4.2,33200
20130205,0.6,-3,3.5,3.9,33200
20130206,1.1,-1.2,3.7,2.2,33200
20130207,-6.2,-10.9,0,0.1,33200
20130208,-8.2,-13.2,-2.5,0,31100
20130209,-5.1,-10.6,0.6,0,31100
20130210,-1.7,-7.1,3.8,0.1,31100
20130211,-2.8,-8,2.7,0,31100
20130212,-1.7,-4.4,1.7,0.3,31100
20130213,-0.9,-6.8,5.1,0,31100
20130214,2.1,-3.3,7.9,0,31100
20130215,1.4,-3.4,6.1,0,31100
20130216,-1.6,-7.2,4.6,0,31100
20130217,2,-3.2,6.3,1.9,31100
20130218,2.9,0.2,6.3,1.8,31100
20130219,-0.1,-3.4,4,0.5,31100
20130220,-1.9,-6.8,3.6,0,31100
20130221,-0.2,-5.2,5.3,0,31100
20130222,1.6,-3.5,7.1,0.6,31100
20130223,0.1,-5.1,5.2,0,31100
20130224,1.8,-4.1,7.7,0,31100
20130225,3.1,-3.3,10.3,0,31100
20130226,4.9,0,9.4,0.2,31100
20130227,6.1,0.8,13.1,0,32056
20130228,8,-1.1,16.4,0,32150
20130301,4.2,-1.2,11.2,4.9,32150
20130302,0.4,-3.7,5.6,0,32150
20130303,1.3,-4.1,7.4,0,32150
20130304,3.4,-2.7,10.4,0,32150
20130305,4.7,-2.6,12.9,0,32150
20130306,7.9,-1,16.9,0,32150
20130307,9.4,3.5,14.6,0.8,32150
20130308,9.8,2.5,18.3,0,32150
20130309,13.5,2.3,23.7,0,32150
20130310,5.8,0.4,13.9,0,32150
20130311,4.5,-3.2,13.1,0,32150
20130312,9.1,-0.3,16.5,1.4,32150
20130313,6.5,2.1,12.4,16.1,32150
20130314,4.3,0.3,9.7,0,32150
20130315,5.9,-1,13.4,0,32150
20130316,7.6,1.2,15.8,0,32150
20130317,8.9,0.3,17.6,16,32150
20130318,10.3,7,15.5,16.3,32150
20130319,10.7,5,15.8,0,32150
20130320,5.5,-1.1,11.9,2.3,32600
20130321,2.5,-4.1,9.8,0,32600
20130322,5.3,-0.5,11.3,0,32600
20130323,6.7,0.5,13.8,0,32600
20130324,6.5,1.3,12.4,0,32600
20130325,3.8,-0.1,8.7,0.8,32600
20130326,5.1,-2.3,12.5,0,32600
20130327,9,1.3,17.2,0,32600
20130328,9.9,2.7,17.3,0,32800
20130329,7.2,1.9,13.2,0,32800
20130330,6.6,0.8,12.9,0.3,32800
20130331,7.3,2.4,13.7,0.6,32800
20130401,9.2,1.1,16.8,0,32800
20130402,7.4,4.3,12.1,1.4,32800
20130403,10,3,17.7,0,32800
20130404,11.9,4.7,20.3,0,32800
20130405,13.1,5.1,19.9,0.3,32800
20130406,8.5,3.7,13,24.7,32800
20130407,5.2,1.8,9.6,1.6,33200
20130408,8.6,0.4,16.3,0.1,33200
20130409,8.2,4.2,13.1,0.3,33200
20130410,5.5,1.2,10,0.1,33200
20130411,7,1.8,12.1,0.5,33200
20130412,6.9,0.8,12.9,0,31100
20130413,11.8,1.1,19.8,0,31100
20130414,11.4,4.3,17.5,1.5,31100
20130415,7.9,0.9,14,0,31100
20130416,15.6,5.8,24.5,0.1,31100
20130417,12.1,9.2,17.3,0.3,31100
20130418,11.8,7.3,18,0,31100
20130419,9.4,3.7,15.3,0,31100
20130420,5.8,3.5,8.5,9.7,31100
20130421,8.8,3.1,15.2,0,31100
20130422,11.3,2.3,18.9,0,31100
20130423,10.9,8.6,14,22.1,31100
20130424,13.6,8.9,19.4,1.5,31100
20130425,10.8,6.6,16.4,2.2,31100
20130426,11.4,6.4,17.3,0.5,31100
20130427,11.6,4.9,19.1,0.8,31100
20130428,15.2,7.1,22.1,0,31100
20130429,14.6,9.4,19.1,7.5,31100
20130430,13.2,6.2,21,0.1,31100
20130501,11.6,6.8,17,0.2,32056
20130502,11.8,6.7,17.9,1.1,32150
20130503,12.5,6.3,19.2,0.9,32150
20130504,14,8.7,20.5,0.1,32150
20130505,15.6,7.6,23.6,0,32150
20130506,16.8,8.9,25.1,0,32150
20130507,16.1,9.7,23.1,0,32150
20130508,17.5,8.8,26.4,0,32150
20130509,18,11.5,24.4,3.8,32150
20130510,15.6,12.8,19.5,15.9,32150
20130511,18.1,11.9,25.5,0,32150
20130512,20.2,13,26.7,0.1,32150
20130513,20.2,13.4,28.1,0,32150
20130514,18.9,11.8,26,0,32150
20130515,18.9,13.8,25.3,0,32150
20130516,17.8,12.7,23.5,0,32150
20130517,16.9,10.9,23.6,0,32150
20130518,17.7,11,24,4.2,32150
20130519,16.5,14.1,19.9,24.4,32150
20130520,16.9,12.4,21.9,0,32150
20130521,17.9,9.7,26.1,0,32150
20130522,19.9,12.1,27.6,0,32600
20130523,20.7,14.1,28.5,0,32600
20130524,21.7,14.2,30.1,0,32600
20130525,21.5,15.7,28.6,0,32600
20130526,21.8,16.9,27,0,32600
20130527,19.5,17.6,22.2,51.8,32600
20130528,19.5,17.3,22.1,26.1,32600
20130529,18.5,15.9,21.3,0.5,32600
20130530,19.8,14.5,26.5,0,32800
20130531,19.6,13.2,26.3,0,32800
20130601,19.6,15.4,25.3,0,32800
20130602,19.9,13.6,26.9,0,32800
20130603,20.1,14.2,26.6,0,32800
20130604,21.8,15.4,28.6,0,32800
20130605,22.3,16.4,28.9,0,32800
20130606,22.2,17.4,28.5,0.6,32800
20130607,22.2,17.8,28.1,0.2,32800
20130608,22.1,17.6,27.1,0,32800
20130609,22.5,17.7,27.8,0,33200
20130610,22.6,17.2,27.9,0,33200
20130611,21,18.5,24.7,4.8,33200
20130612,20.7,18.9,23.5,3.4,33200
20130613,22.3,19.3,26.5,0.1,33200
20130614,22.2,19.9,25.4,1.5,32100
20130615,24,20,29.2,0.1,32100
20130616,24.2,19.2,30.1,0,32100
20130617,24,20,28.6,1,32100
20130618,22.6,21.5,24.5,46.9,32100
20130619,23.4,20.3,28.2,20.1,32100
20130620,24.4,20.1,30,0,32100
20130621,23.8,20.8,28.1,0.4,32100
20130622,23.2,20,27.9,1.3,32100
20130623,21.6,19.5,24.8,2.9,32100
20130624,22.9,18.4,28.3,0,32100
20130625,22.6,19.4,27.2,6.5,32100
20130626,23.3,19.6,28.9,5.8,32100
20130627,23.3,19.5,28.3,3.5,32100
20130628,23.6,20.1,29,1.6,32100
20130629,24.5,19.5,30.3,0.1,32100
20130630,25.1,20,30.6,0,32100
20130701,25.4,21.1,30.6,0,32100
20130702,25.7,22.3,29.4,11.5,32100
20130703,25.7,22.4,29.6,18.6,33167
20130704,25.2,22.8,27.9,22.3,33250
20130705,23.8,21.9,26.3,51.5,33250
20130706,25,21.8,29.9,0,33250
20130707,24.4,22.2,27.3,19.3,33250
20130708,26.1,23.5,29,14.6,33250
20130709,27,24.4,30.7,1.7,33250
20130710,26.9,23.9,30.8,2.3,33250
20130711,26.8,23.6,30.7,5,33250
20130712,26,23.3,29.1,6.3,33250
20130713,26.2,23.5,30.3,18.4,33250
20130714,25.9,23.3,29.6,23.6,33250
20130715,26,23.4,29.7,14.2,33250
20130716,27.3,23.2,31.5,0.5,33250
20130717,26.4,23.8,29.8,8.5,33250
20130718,26.4,23.2,30.8,4.7,33250
20130719,26.6,22.4,31.8,0.4,33250
20130720,27.4,23.4,32.2,1.1,33250
20130721,27.2,24.2,31,1.3,33250
20130722,27.3,24.5,31.6,16.6,33250
20130723,26.3,24.5,28.4,17.3,33250
20130724,26.7,23.8,30.1,4.8,34000
20130725,26.7,22.6,31.7,0,34000
20130726,27,22.6,32.4,0,34000
20130727,26.5,22.2,31.8,0.1,34000
20130728,26,23.6,28.9,11.1,34000
20130729,27.4,24.2,31.6,5.2,34000
20130730,26.3,23.2,31.3,8.5,34000
20130731,27,24.1,31,12.9,34000
20130801,27.2,23.8,32.2,3.6,34200
20130802,27,24.6,30.6,3.7,34200
20130803,27.2,24.5,31.9,9.1,34200
20130804,27.4,24.6,32.1,7.6,34200
20130805,27.6,24.1,32.2,4.9,34200
20130806,27.6,23.7,32.9,9.8,34200
20130807,28.9,24.3,34.3,0,34200
20130808,29.7,25.9,34.6,0,34200
20130809,29.9,25.9,34.6,2.1,34200
20130810,28.4,24.6,33.8,6.4,34200
20130811,28.8,24.3,34.7,0.2,34600
20130812,28.9,24.6,34.5,0.2,34600
20130813,28.4,24.2,33.9,0,34600
20130814,28.2,23.8,33.7,0,34600
20130815,28.4,23.6,33.8,0.1,34600
20130816,28.4,24.1,34,0.5,31100
20130817,28.4,24.3,33.5,0,31100
20130818,28.7,24.4,34.1,0.7,31100
20130819,28.4,23.9,34.1,2.5,31100
20130820,27.6,23.1,33.5,0.6,31100
20130821,27.5,23.6,32.4,1.4,31100
20130822,27.8,24.5,33,6.6,31100
20130823,25.4,23.6,28,38.7,31100
20130824,24.7,21.9,28.2,31,31100
20130825,24.9,20.7,30.6,2.3,31100
20130826,24.9,20.6,30.9,0.1,31100
20130827,25.1,20,31,0,31100
20130828,25.4,21.1,30.7,0,31100
20130829,25.5,21.7,29.7,23.4,31100
20130830,25.1,22.1,29.6,4.7,31100
20130831,23.3,19.7,28.1,3.7,31100
20130901,22.9,18.8,28.3,0,31100
20130902,22.1,17.4,27.9,0.2,31100
20130903,20.2,16.5,24.4,0,31100
20130904,20.6,14.7,27.1,0,32056
20130905,20.1,15.4,24.4,0,32150
20130906,19.2,17.5,21.8,5.2,32150
20130907,20.5,17,25.5,1.6,32150
20130908,21.4,16.7,27.9,0,32150
20130909,21.7,16.7,27.7,0,32150
20130910,22.5,18.3,27.4,3,32150
20130911,22.3,19.9,25.5,9.9,32150
20130912,22.5,20.4,25.6,2.9,32150
20130913,24.2,20.7,28.7,14.4,32150
20130914,22.4,20.1,25.6,40.6,32150
20130915,22.7,18.1,28.9,0,32150
20130916,20.4,15.2,27.1,0.1,32150
20130917,21,14.4,28.9,0,32150
20130918,22.5,16.3,30.1,0,32150
20130919,22.4,17.3,28.6,0,32150
20130920,22.4,17.3,29.2,0,32150
20130921,22.9,18,29.5,0,32150
20130922,22.2,18.5,27.4,1.6,32150
20130923,22.1,17.2,28,0,32150
20130924,21.8,17.8,26.3,3.8,32150
20130925,19.6,16.2,24.2,1.1,32600
20130926,17.1,12,23.4,0.2,32600
20130927,17.2,10.3,24.6,0,32600
20130928,18.2,15,22,2.1,32600
20130929,18.8,17.1,20.6,26.8,32600
20130930,20.9,18,25.9,7.2,32600
20131001,20.8,16.7,26.5,0.5,32600
20131002,19.4,14.7,24.4,2.4,32600
20131003,16.1,10.7,22.8,0.1,32800
20131004,16.2,9.2,24.6,0,32800
20131005,18.5,11.2,25.6,0,32800
20131006,20.9,16.9,24.7,2.7,32800
20131007,22.5,19.5,26.9,0.9,32800
20131008,20.3,18.5,22,30.7,32800
20131009,20,16.8,24.7,0.6,32800
20131010,19.9,16.5,23.9,8.2,32800
20131011,18.8,13.1,23.6,0.3,32800
20131012,15.5,9.9,22.3,0,32800
20131013,15.8,9.3,23.8,0,33200
20131014,17.3,11,25.2,0,33200
20131015,14.4,10.5,19.6,5.8,33200
20131016,11.1,6.3,17,0,33200
20131017,11.1,5.3,18.3,0,33200
20131018,13,6.8,20.6,0,31100
20131019,14.3,8.6,20.5,0,31100
20131020,15.9,11,22.7,0.1,31100
20131021,14.9,10.1,21.2,0,31100
20131022,15.1,9.7,21,0.2,31100
20131023,15.4,10.6,21.8,0,31100
20131024,14.1,9.2,20.5,0,31100
20131025,10.9,6.4,17,0,31100
20131026,10,4.7,16.7,0,31100
20131027,10.1,3.9,18.3,0,31100
20131028,10.5,4.3,18.4,0,31100
20131029,12.2,5.4,19.6,0.3,31100
20131030,11.9,7.2,17.9,0,31100
20131031,12,6.6,19.8,0,31100
20131101,14,7.9,21.2,0,31100
20131102,14.1,10.2,18.4,2,31100
20131103,13.4,9.4,18.6,0.1,31100
20131104,12,7.6,17.9,0.3,31100
20131105,11.1,5.3,19.3,0,31100
20131106,12.3,7.5,17.3,0.9,32056
20131107,12.8,6.7,18.4,0.5,32150
20131108,9.3,3.6,16,0,32150
20131109,11.9,7.1,16.6,12.5,32150
20131110,9.3,4.2,15,0.6,32150
20131111,4.9,1.2,9.4,0,32150
20131112,4.6,-0.3,10.6,0,32150
20131113,4.7,-1.2,12.3,0,32150
20131114,6.5,0.6,11.5,0.5,32150
20131115,8.3,3.8,14.8,0.7,32150
20131116,7.2,1.4,14.7,0.5,32150
20131117,7.1,3,11.2,1.4,32150
20131118,3.2,0.7,6.5,1.4,32150
20131119,3.5,0.4,6.8,0.8,32150
20131120,3.4,-0.3,7.9,0.1,32150
20131121,3.8,-1.2,9.6,0,32150
20131122,5,-0.3,11.3,0,32150
20131123,6.1,0.6,13.1,0,32150
20131124,8.4,2.3,13.8,14,32150
20131125,7.5,3.3,12.7,12.6,32150
20131126,3.5,-0.8,8,0.3,32150
20131127,1.8,-2,6.4,6.7,32600
20131128,-1.3,-4.5,2.2,1.3,32600
20131129,1.1,-3.3,5.9,0.5,32600
20131130,3.9,-1.8,10.8,0,32600
20131201,4.5,-0.2,10.8,0,32600
20131202,4,-1.1,9.5,0,32600
20131203,5,0.4,11,0,32600
20131204,4.6,-0.2,11.6,0,32600
20131205,5.4,-0.1,10.5,0,32800
20131206,4.2,-0.2,9.3,0,32800
20131207,3.9,-1.3,10.5,0,32800
20131208,4.5,-1,11.6,0,32800
20131209,5.8,2.5,9.5,8.5,32800
20131210,3,0.4,6,1.2,32800
20131211,0.9,-1.7,4,2.2,32800
20131212,1,-4.8,5.7,3.1,32800
20131213,-2.4,-5.8,2,0.3,32800
20131214,-0.5,-6.2,4.4,0.3,32800
20131215,-1.2,-5.2,3.8,0,33200
20131216,-1.3,-6.1,3.2,0,33200
20131217,2,-2.5,6.3,1.7,33200
20131218,4.2,0.9,8.5,0.4,33200
20131219,-0.2,-3.3,2.9,1.2,33200
20131220,-0.9,-4.2,2.4,1.2,31100
20131221,-0.4,-4.3,4.7,0.1,31100
20131222,-0.8,-5.7,4.9,0,31100
20131223,0.3,-3.6,5.4,0,31100
20131224,-0.4,-5.5,6.8,0.1,31100
20131225,0.8,-5.4,7.2,0,31100
20131226,1.6,-1.5,5.3,0.3,31100
20131227,-2.4,-5.3,0.8,0,31100
20131228,-3.9,-8,0.8,0.1,31100
20131229,-1.7,-7.3,3.2,0.3,31100
20131230,2.8,-2.4,7.6,0,31100
20131231,4.1,-1.8,9.1,0,31100
20140101,4.8,-0.3,9.2,0,31100
20140102,2.6,-2.2,9.1,0,31100
20140103,2.6,-3.2,10.1,0,31100
20140104,1.5,-2.8,6.9,1.2,31100
20140105,0.7,-3.7,6.6,0.1,31100
20140106,0.2,-5.1,7.6,0,31100
20140107,1.9,-4.3,7.8,0,31100
20140108,2.1,-1.4,5.3,1.8,32056
20140109,-4.4,-8.1,-0.6,0,32150
20140110,-3.7,-9.6,2,0,32150
20140111,-0.8,-5.5,4.4,0,32150
20140112,-0.4,-5.1,5.3,0,32150
20140113,-3.9,-8.4,1.5,0,32150
20140114,-3.4,-9.3,3.4,0,32150
20140115,-2.3,-8.1,4.3,0,32150
20140116,-0.9,-6.6,5.2,0,32150
20140117,-0.1,-5,5.9,0,32150
20140118,-0.6,-4.6,3.9,0,32150
20140119,-1.7,-8.3,4.6,0,32150
20140120,1,-2.2,5.5,1.5,32150
20140121,-2.9,-5.5,-0.1,1.4,32150
20140122,-2.7,-8,3.4,0,32150
20140123,-1,-7.5,7.1,0,32150
20140124,4,-3.5,10.7,0,32150
20140125,6.2,1.4,10.6,1.9,32150
20140126,0.4,-4.1,5.6,0.2,32150
20140127,0.7,-7,8.9,0,32150
20140128,3,-3.1,9.3,0.1,32150
20140129,3,-6.4,11.5,0.7,32600
20140130,6.1,1.5,10.2,1.1,32600
20140131,3.1,-3.1,10.8,0,32600
20140201,7.5,1,13.4,6,32600
20140202,8.9,5.1,14.2,0.4,32600
20140203,1.8,-4.5,7.3,0,32600
20140204,-4.9,-8.1,-0.7,0,32600
20140205,-3.8,-8.1,1.4,0,32600
20140206,-0.5,-4.8,4.5,0.3,32800
20140207,2.6,-1.8,6.7,2.8,32800
20140208,2.2,0.4,4.6,3.2,32800
20140209,0.4,-1.3,3.3,3.2,32800
20140210,0.1,-2.6,3.4,2.2,32800
20140211,0.1,-4.2,5.3,0.6,32800
20140212,0.9,-3.3,6.5,0.4,32800
20140213,1.6,-2.7,6,2.1,32800
20140214,1.9,-1.6,6,0.2,32800
20140215,1.7,-4.1,8.9,0,32800
20140216,2.7,-3.9,10.1,0,33200
20140217,4.1,0.7,8.3,2.5,33200
20140218,2.4,-0.7,5.6,0.5,33200
20140219,1.6,-2.8,6.7,0.1,33200
20140220,1.5,-3.8,7.5,0,33200
20140221,1.1,-4.4,7.9,0,32100
20140222,1.8,-4.5,9.2,0,32100
20140223,2.9,-3.3,10.4,0,32100
20140224,4.2,-2.5,12,0,32100
20140225,5.6,-1.3,13.6,0,32100
20140226,6.2,1.2,11.5,4.1,32100
20140227,8.6,3.4,15.5,0.2,32100
20140228,7.1,3.1,11.8,0.1,32100
20140301,6.6,4,9.8,2.1,32100
20140302,5,0.4,10.5,0.6,32100
20140303,4.3,-2.4,11.6,0,32100
20140304,5.1,-1.1,11.4,0.2,32100
20140305,3.1,-0.7,8,0.7,32100
20140306,1.4,-4.1,6.5,0,32100
20140307,1.3,-3.8,6.3,0,32100
20140308,2.4,-3.2,8.2,0,32100
20140309,2.5,-1.5,7.2,1.3,32100
20140310,2,-4.4,8.8,0,32100
20140311,5,-3.6,13.6,0,32100
20140312,5.8,0.5,9.3,23,33167
20140313,4.2,1.4,7.6,8.8,33250
20140314,3.3,-0.9,8.4,0.3,33250
20140315,6.9,-1.4,14.1,0,33250
20140316,10.6,4.2,18,0,33250
20140317,12.4,3.8,20.1,1.3,33250
20140318,12.6,7.4,18.3,0.5,33250
20140319,9,5.8,12.6,0.1,33250
20140320,6.4,3,10.7,2.7,33250
20140321,5,0.5,10.4,0,33250
20140322,7.6,-1,15.6,0,33250
20140323,10.2,2.4,18.3,0,33250
20140324,11.2,2.2,18.1,0,33250
20140325,14.2,11.2,18.1,9.3,33250
20140326,13.8,9.5,19,8.9,33250
20140327,12.7,6.4,20.6,0,33250
20140328,15.7,7.6,24.1,0,33250
20140329,14.2,11.7,17.2,10.7,33250
20140330,12.7,8.2,18,3.8,33250
20140331,12,5.5,19.8,0,33250
20140401,13.2,5.3,21.8,0,33250
20140402,14.3,6.3,22.6,0,34000
20140403,10.7,5,18.1,4.9,34000
20140404,7,2.8,11.9,0.8,34000
20140405,6.2,1.2,12.3,0.6,34000
20140406,8,2.5,13.9,0,34000
20140407,11.6,3.9,19.2,0,34000
20140408,12.2,3.9,20.7,0,34000
20140409,12.9,4.9,20.9,0,34000
20140410,12.8,7,20.7,0,34200
20140411,12.3,7.8,17.8,0.1,34200
20140412,13.4,9.4,18.1,0.1,34200
20140413,13.5,8.5,19.3,2.4,34200
20140414,13.7,5,22.5,0,34200
20140415,16,7.5,23.6,0,34200
20140416,16.3,11,23,0,34200
20140417,13.4,7.7,20.5,12.5,34200
20140418,13.5,10.2,18.4,0.7,34200
20140419,12.5,9.1,16.3,0,34200
20140420,13.6,8.5,19.9,0,34600
20140421,15,8.3,21.9,0,34600
20140422,14.9,8.6,22,0,34600
20140423,15.4,6.7,24.2,0,34600
20140424,16.6,8.5,25.2,0,34600
20140425,17.1,8.4,25.8,0,31100
20140426,17.1,9.8,23.7,0,31100
20140427,15.6,13.3,18.8,12.1,31100
20140428,13.6,12.4,15.4,27.2,31100
20140429,14.2,12.1,17,23.2,31100
20140430,14.5,11.1,19.3,1.1,31100
20140501,16.3,10,23,0,31100
20140502,17.4,10.1,25.8,0.2,31100
20140503,14.4,9,20.9,0,31100
20140504,13.3,7.6,20.5,1.2,31100
20140505,11.6,6.3,17.2,0.1,31100
20140506,12.7,5.6,19.8,0,31100
20140507,15.3,6.2,22.7,0.3,31100
20140508,15.4,10.6,20.6,2.7,31100
20140509,15.5,8.3,23.4,0,31100
20140510,17.2,9.2,24.7,0,31100
20140511,17.3,11.1,23.2,18.5,31100
20140512,17.9,14.2,22.4,15.6,31100
20140513,20.1,12,27.4,0,31100
20140514,18.5,14.4,23.6,1.6,32056
20140515,18.6,14,24.5,0,32150
20140516,19,11.7,26.1,0,32150
20140517,18.7,12.1,25.9,0,32150
20140518,18.6,11.6,25.8,0,32150
20140519,19.4,11.8,26.8,0,32150
20140520,18.4,14.8,23,4.5,32150
20140521,18.4,13.2,24.7,0,32150
20140522,19.5,12.7,27,0,32150
20140523,19.2,15.4,24.1,0,32150
20140524,21.8,15.4,28.6,0,32150
20140525,20.5,17.6,25,7.7,32150
20140526,20.5,15.3,26,2.3,32150
20140527,22,13.5,29.5,0,32150
20140528,21.6,16,28.4,1.2,32150
20140529,22.8,15.5,31.1,0,32150
20140530,23.6,15.2,32.1,0,32150
20140531,24.3,16.3,32.4,0,32150
20140601,23.9,18.3,29.9,0,32150
20140602,20.9,18,24.2,5.9,32150
20140603,19.1,17.2,21.3,19.8,32150
20140604,21.1,18.3,25.3,3.1,32600
20140605,20.7,18.2,23.8,1.2,32600
20140606,21.4,16.5,27.4,0,32600
20140607,21,15.8,26.6,0.2,32600
20140608,20.6,17.9,25,0.7,32600
20140609,20.9,17.9,25.4,0.9,32600
20140610,21,18,25.4,4,32600
20140611,20.4,17.6,25.2,4.8,32600
20140612,19.4,16,24.3,7.2,32800
20140613,20.3,16.3,25.4,1,32800
20140614,22.1,16.7,28.2,0,32800
20140615,22.6,17,28.7,0,32800
20140616,23.3,17.4,29.6,0,32800
20140617,22,19.2,26.1,1.9,32800
20140618,22.5,17.9,28.3,0.3,32800
20140619,22.6,18,27.9,0.3,32800
20140620,22.2,18.3,26.7,1.4,32800
20140621,21.3,19.2,24.3,2.3,32800
20140622,21.9,18.4,26.5,5.9,33200
20140623,21.1,18.3,26,12.4,33200
20140624,21.8,18,27,2.5,33200
20140625,22.8,18,28.4,0,33200
20140626,23.7,19,29.3,0,33200
20140627,24,18.8,29.9,0,31100
20140628,24,19.9,29.3,0.8,31100
20140629,23.4,18.9,28.4,0,31100
20140630,23.7,19.4,29.5,1.7,31100
20140701,24.6,19.5,31.1,1.5,31100
20140702,23.1,20.1,27.5,7.7,31100
20140703,21.3,19.5,23.5,25.8,31100
20140704,23.6,20.2,28.7,0.9,31100
20140705,23.1,19.5,27.3,0.8,31100
20140706,21.5,19.5,24.1,8,31100
20140707,23.3,19,28,0.9,31100
20140708,25,21.5,29.1,4.2,31100
20140709,26.1,23.4,30.4,7.2,31100
20140710,26.9,23.2,32,0,31100
20140711,26.5,21.5,32.4,0,31100
20140712,24.7,20.8,29.2,0.9,31100
20140713,24,20.9,28.4,8,31100
20140714,25.6,21.3,31.1,0,31100
20140715,24.4,21.3,28.5,2,31100
20140716,25.2,21.5,29.9,2.4,32056
20140717,24.3,21.7,27.6,7.7,32150
20140718,24.6,21.8,29,18.6,32150
20140719,25.9,22.5,31,9.2,32150
20140720,26.6,22.7,31.9,0.1,32150
20140721,26.7,22.4,31.7,0,32150
20140722,26.6,23.3,30.6,2.1,32150
20140723,26.1,23.2,29.7,10.7,32150
20140724,26.5,23.1,31.2,11.7,32150
20140725,27.9,24.2,32.6,8.8,32150
20140726,25.6,21.6,29.5,1.8,32150
20140727,23.8,19.1,29.8,0.2,32150
20140728,23.5,18.8,28.7,3.3,32150
20140729,24.5,20.6,29.4,2.7,32150
20140730,27.4,22.3,33,0,32150
20140731,27.7,23.8,34.2,5.5,32150
20140801,27.7,23.4,32.5,2.4,32150
20140802,27,24,30.6,46,32150
20140803,25.2,23.7,27.2,35.2,32150
20140804,24.9,23.7,27,9.1,32150
20140805,26.9,23.8,31.5,1.2,32150
20140806,26,22.9,29.9,5.8,32600
20140807,23,21.2,26,17.6,32600
20140808,23.6,20.4,27.4,3.9,32600
20140809,24.5,20.8,28.4,1.9,32600
20140810,23.4,20.6,28,21.6,32600
20140811,23.5,19.3,28.7,0.4,32600
20140812,24.7,19.9,30.4,0,32600
20140813,23.1,20.7,26.7,2.5,32600
20140814,21,19.5,22.8,18.2,32800
20140815,23.4,20.3,27.8,3.6,32800
20140816,24.3,20.7,29.4,0.2,32800
20140817,22.7,20.4,25.9,19.6,32800
20140818,21.6,19.8,23.9,56.9,32800
20140819,22.9,21.1,26.1,12.2,32800
20140820,23.4,21.5,26.3,13.3,32800
20140821,23.8,21.5,27.4,37.7,32800
20140822,24.4,20.4,29.5,0.9,32800
20140823,24.5,20.6,29.8,0,32800
20140824,24.2,21.1,28.4,5.7,33200
20140825,23.4,21.9,25.8,40.1,33200
20140826,24.2,21.3,28.6,5.6,33200
20140827,22.6,19.8,26.1,1.8,33200
20140828,22.1,18.8,26.6,1.2,33200
20140829,22.1,18.4,27.2,4.1,31100
20140830,21.9,17.3,27.5,0,31100
20140831,21,16.8,26.2,0,31100
20140901,22.2,16.8,28.3,0.1,31100
20140902,21.4,18.1,25.4,7,31100
20140903,21.5,19,24.4,31.7,31100
20140904,22.8,18.6,28.1,0.4,31100
20140905,23,17.7,29.7,0,31100
20140906,22.6,18.7,28.8,0.6,31100
20140907,22.9,17.7,29.4,0,31100
20140908,23.2,18.8,29.4,0,31100
20140909,22.2,17.5,28.2,0,31100
20140910,21.1,16,27.6,0,31100
20140911,21.5,15.8,28.2,0,31100
20140912,20.9,17.5,25,0.3,31100
20140913,21.5,16.8,27.3,0.2,31100
20140914,20.8,15.4,26.9,0,31100
20140915,21.7,17.7,27.6,0.1,31100
20140916,21.3,16.4,27.1,0,31100
20140917,20,17.1,24.3,2.4,32056
20140918,19.5,15.3,24.9,0.1,32150
20140919,18.6,13.5,25.1,0,32150
20140920,19.1,12.7,26.6,0,32150
20140921,19.2,13.6,26.1,0.1,32150
20140922,20,13.4,27.4,0,32150
20140923,20.6,15.1,26.5,8.2,32150
20140924,19.2,17.1,21.7,61.6,32150
20140925,20.2,16,26.2,0.3,32150
20140926,19.9,16.1,25,0.4,32150
20140927,20.2,15.1,26.3,0.1,32150
20140928,20.9,16.3,26.8,0.1,32150
20140929,19.9,18,22.1,4.9,32150
20140930,18.6,15.6,23.2,1.1,32150
20141001,18.3,14.9,23.3,0,32150
20141002,18.6,14.5,23.5,2.3,32150
20141003,17.2,12.7,21.8,0.2,32150
20141004,16.5,11.3,22.4,0.3,32150
20141005,16.2,10.9,22.2,0,32150
20141006,15.3,9.9,21.8,0,32150
20141007,15,8.9,22.7,0,32150
20141008,15.4,9.2,23.2,0,32600
20141009,16.4,10.2,24.3,0,32600
20141010,18,10.5,25.6,0,32600
20141011,18.5,13.4,24.9,0,32600
20141012,17.8,12.6,22.5,0.9,32600
20141013,16.4,11.4,20.4,14,32600
20141014,12.9,7.9,19.6,0,32600
20141015,12.7,6.7,20.2,0,32600
20141016,12.9,7.5,19.7,1.4,32800
20141017,12,4.7,21,0,32800
20141018,13,5.7,22.5,0,32800
20141019,15.1,7.1,22.8,0,32800
20141020,16.6,14.1,18.6,18.4,32800
20141021,15.9,13.2,18.8,41.6,32800
20141022,13.2,9.7,16.8,13.7,32800
20141023,12.5,7.7,19.3,0,32800
20141024,13.8,8.3,21.5,0,32800
20141025,14.6,9.3,23.1,0,32800
20141026,15.5,8.9,22.6,0.1,33200
20141027,12.5,6.8,18.5,0,33200
20141028,10,3.4,19.2,0,33200
20141029,11.2,4.6,20,0,33200
20141030,12.8,6.2,19.9,0,33200
20141031,12.9,11.1,15.1,23.6,32100
20141101,15.1,12.5,18.3,1.9,32100
20141102,12.3,8.7,15.6,2,32100
20141103,8.8,3.6,14.2,0,32100
20141104,9.2,2.6,17.8,0,32100
20141105,10.3,3.4,18.6,0,32100
20141106,12.3,7.5,18.9,0.1,32100
20141107,10.3,5.5,16.2,2.4,32100
20141108,11.2,7.7,15.4,0.5,32100
20141109,10.8,5.3,16.6,0,32100
20141110,8.6,2.6,17.2,0,32100
20141111,9,2.3,16.2,0.4,32100
20141112,8.6,3.3,12.9,2.2,32100
20141113,2.8,-0.3,6.4,0.1,32100
20141114,5.2,-0.5,11.3,0.2,32100
20141115,5.6,0.2,11.9,0,32100
20141116,7.7,3.2,14,0.2,32100
20141117,7.1,2.9,12,0.5,32100
20141118,5.4,0.6,12,0,32100
20141119,4.8,-1.7,13.1,0,33167
20141120,6.2,-0.2,14.8,0,33250
20141121,8.1,1.4,16.2,0,33250
20141122,9.3,3.7,15.8,1,33250
20141123,8.9,4.1,13.9,0,33250
20141124,9.7,8.1,11.5,28.1,33250
20141125,10.2,7.4,13.3,1.7,33250
20141126,9.4,5.5,14.9,0.1,33250
20141127,8.5,3.6,15.9,0,33250
20141128,9.5,5.2,12.6,5.9,33250
20141129,10.3,6.6,15,0,33250
20141130,9.9,6.8,11.9,9.5,33250
20141201,2.7,-3.1,10.7,1.8,33250
20141202,-2.6,-5.1,0.6,0.7,33250
20141203,0.7,-4.4,4.1,2.3,33250
20141204,-0.4,-3.4,3.1,1.6,33250
20141205,-3.1,-5.9,0.5,1.3,33250
20141206,-2.3,-6.3,1.9,0.2,33250
20141207,-1.4,-5.1,3.5,0,33250
20141208,0.2,-3.8,5.2,1.9,33250
20141209,-0.9,-6.1,5.8,0,33250
20141210,3.3,-2.3,7.8,0.4,34000
20141211,2.5,-1.9,6.1,0.2,34000
20141212,-0.2,-3.4,3.6,1,34000
20141213,-2.3,-5.2,0.8,0.7,34000
20141214,-1.6,-6.9,3.4,0,34000
20141215,2,-2.6,5.8,2.2,34000
20141216,-1.1,-6,4.2,5,34000
20141217,-6,-8.7,-3.2,1.9,34000
20141218,-5.3,-10.1,0.4,0,34200
20141219,-2.1,-9.2,3.1,0.6,34200
20141220,0.8,-3.4,5.1,2,34200
20141221,-3.3,-7,1.3,0.7,34200
20141222,-2.5,-8,2.7,0.5,34200
20141223,0.1,-5.9,5.9,0,34200
20141224,3.4,-1.1,9,0.2,34200
20141225,-0.3,-3.9,4.3,0,34200
20141226,-2.1,-6.8,4.1,0,34200
20141227,-1.1,-6.7,7.1,0,34200
20141228,-0.1,-5.6,5.1,0,34600
20141229,2.7,-1.7,8,0,34600
20141230,3.5,-1.7,9.9,0,34600
20141231,0.1,-4.1,4.7,0.9,34600
20150101,-4.9,-7.4,-1.9,0.5,34600
20150102,-3.8,-7.6,0.8,0.3,31100
20150103,-2.3,-9.3,4.3,0,31100
20150104,2.4,-2.6,9.8,0,31100
20150105,3.8,-2.7,10.1,4.1,31100
20150106,1.8,-3.3,7.1,4.7,31100
20150107,-3,-6.5,1.6,0,31100
20150108,-2.5,-7.8,3.3,0,31100
20150109,-0.2,-5.1,4.9,0,31100
20150110,1,-4.2,6.7,0,31100
20150111,1,-3.3,6,0.1,31100
20150112,-1.7,-6.5,4.8,0,31100
20150113,0.4,-6.5,7.9,0,31100
20150114,2.7,-0.2,5.9,0.4,31100
20150115,3.1,-1.3,9.1,0.2,31100
20150116,1.5,-2.6,5.3,0.3,31100
20150117,-0.9,-4.6,3.1,0,31100
20150118,0,-6.8,5.8,1.3,31100
20150119,2.7,-1.3,6.4,0.4,31100
20150120,0.4,-5.3,6.8,0,31100
20150121,2.9,-0.6,6.5,3.1,32056
20150122,3.1,0.5,6.3,1.9,32150
20150123,1.4,-2.7,6.8,0,32150
20150124,2.6,-1.9,8.8,0,32150
20150125,3.7,-1.3,7.8,3.8,32150
20150126,5.6,2.7,9.1,1.7,32150
20150127,0.5,-3.7,4.6,0.3,32150
20150128,-2.1,-6,3.5,0.3,32150
20150129,0.3,-3.6,3.7,1.4,32150
20150130,0,-3.6,3.6,0.2,32150
20150131,-2.7,-6.9,2.6,0,32150
20150201,-1.9,-8,5.5,0,32150
20150202,-0.2,-5.5,7.3,0,32150
20150203,0.7,-5.1,7.9,0,32150
20150204,0.9,-3.4,6.1,0,32150
20150205,0.9,-2.9,5.4,0.3,32150
20150206,1.3,-3.6,7.4,0,32150
20150207,2.2,-2.6,7.1,0,32150
20150208,-4.8,-8.3,2.5,0,32150
20150209,-3.9,-10.7,1.2,0.1,32150
20150210,3,-2.2,8.1,0,32150
20150211,4,-1.2,9.7,0,32600
20150212,0.6,-3.2,4.8,0,32600
20150213,-0.7,-6.4,5.2,0,32600
20150214,2.2,-4.8,9.2,0,32600
20150215,6.1,-0.2,11,3.8,32600
20150216,5.1,3.8,6.8,10,32600
20150217,3.6,1.7,6.4,0.3,32600
20150218,2.3,0.6,4.8,0.1,32600
20150219,2.3,-2.1,8.3,0.2,32800
20150220,4.2,-3.2,10.9,0,32800
20150221,6.4,3.9,8.5,7.9,32800
20150222,6.3,1.7,11.3,1,32800
20150223,3.2,-0.2,8.6,0,32800
20150224,3.4,-0.9,9.6,0,32800
20150225,5.2,-0.4,11.2,0.1,32800
20150226,3.6,-1.1,8.2,0.2,32800
20150227,-0.3,-3.7,4.1,0,32800
20150228,2,-3.7,6.8,1.6,32800
20150301,3.2,0.5,7.1,0.9,33200
20150302,3.5,-3,10.5,0,33200
20150303,3.6,0.5,7.6,2.8,33200
20150304,0.2,-2.8,4.3,0,33200
20150305,0.5,-5.6,6.8,0,33200
20150306,3,-3.5,10.5,0,31100
20150307,4.3,-2.4,12.2,0,31100
20150308,6.4,-2.3,14.6,0,31100
20150309,4.5,-3.3,11.3,0.1,31100
20150310,-1.6,-5.4,2.7,0,31100
20150311,2.5,-3.3,8.1,0,31100
20150312,3.5,-2.9,9.5,0,31100
20150313,5.6,0.1,10.9,1.2,31100
20150314,4.8,-2,11.7,0,31100
20150315,6.4,-1.5,15.2,0,31100
20150316,9.3,0.7,19.1,0,31100
20150317,11.7,3,20.2,0,31100
20150318,9.6,7.8,12.3,31.8,31100
20150319,11.4,6.8,18.3,0.5,31100
20150320,12.1,7.1,19.6,0,31100
20150321,11.9,5.1,19.4,0,31100
20150322,9.7,3.8,16.8,0,31100
20150323,5.5,-0.3,11.5,0,31100
20150324,4.9,-1.6,12.1,0,31100
20150325,5.9,-2.4,14.2,0,32056
20150326,8.1,-0.8,17,0,32150
20150327,9.6,1.3,18.3,0,32150
20150328,11.1,1.5,19.3,0,32150
20150329,12,6.2,19.1,0,32150
20150330,13.1,4.7,21.3,0,32150
20150331,12.8,8.3,15.5,3.1,32150
20150401,11.7,9.2,15.9,1.9,32150
20150402,13.4,8.4,19.5,7.7,32150
20150403,12.9,9,18.8,9,32150
20150404,11.1,7.7,16.2,17.8,32150
20150405,10,8.4,11.7,3,32150
20150406,10.4,7.4,13.3,4.2,32150
20150407,7.5,5.1,10.8,0.9,32150
20150408,7.9,4.3,12.4,0.3,32150
20150409,9,3.4,15.1,0,32150
20150410,10.5,3.4,18.2,0,32150
20150411,11.4,3.5,19.5,0,32150
20150412,11.9,5.2,17.9,0.6,32150
20150413,10.4,8.1,13.2,7.5,32150
20150414,8.6,6.1,12.5,10.2,32150
20150415,12,5.9,18.8,1,32600
20150416,11.6,6,20.4,2.7,32600
20150417,11.4,3.6,19,0,32600
20150418,13.7,4.7,21.7,2.4,32600
20150419,14.2,11.3,17.2,14.2,32600
20150420,11.5,8.1,14.6,11,32600
20150421,12.8,5.7,20.9,0,32600
20150422,13.8,7.1,20.9,0,32600
20150423,14.4,5.9,22.3,0,32800
20150424,15.6,8.7,22.9,0,32800
20150425,15.7,6.7,24.2,0,32800
20150426,18.2,8.5,26.9,0,32800
20150427,18.7,11.2,26.6,0,32800
20150428,17.6,10.9,23.9,8.2,32800
20150429,15.8,14,18.2,23.2,32800
20150430,17.9,13.1,24,0.2,32800
20150501,19.2,12.8,26.3,0,32800
20150502,19.8,13.5,26.2,1.9,32800
20150503,17.6,15.8,20.2,12.9,33200
20150504,16.4,10.5,21.9,0,33200
20150505,14.2,5.9,21.9,0,33200
20150506,14.9,7.7,22.1,0,33200
20150507,16.3,8.7,24.1,0,33200
20150508,16.9,9.2,23.4,0,31100
20150509,17.7,12.9,24.1,0.2,31100
20150510,16.7,10.8,23.5,0,31100
20150511,16.8,11.7,21.9,23.8,31100
20150512,15.8,12.2,19.8,9,31100
20150513,19.6,12.5,25.7,0,31100
20150514,20.7,13.6,26.9,0,31100
20150515,19.1,15.3,23.9,1.3,31100
20150516,18,11.7,25.3,0,31100
20150517,18,9.8,26.1,0,31100
20150518,16.3,12.8,20.4,4,31100
20150519,17.9,12.8,24.2,0.7,31100
20150520,16.7,11.3,22.5,0,31100
20150521,18.7,10.1,26.5,0,31100
20150522,20.7,14,27.7,0,31100
20150523,20.2,14.1,27.3,0,31100
20150524,20.3,12.5,28.3,0,31100
20150525,20.2,12.2,28.3,0,31100
20150526,21.8,13.1,30.9,0,31100
20150527,21.4,12.8,30,0,32056
20150528,21.7,15.5,29.2,0,32150
20150529,22.5,14.6,29.6,0,32150
20150530,19.1,15.8,23,2.7,32150
20150531,20.4,14.5,27.7,0,32150
20150601,21.8,14.2,29,0,32150
20150602,21.7,17.2,27.2,0.4,32150
20150603,21.7,16.4,27.7,0,32150
20150604,21.6,12.9,29.3,0,32150
20150605,16.9,13.3,21.2,3.2,32150
20150606,19.1,12.3,26.1,0,32150
20150607,20.9,15,27.6,0,32150
20150608,20.2,15.8,24.7,1.3,32150
20150609,21.7,16.3,27.9,0,32150
20150610,23.7,16.5,31.2,0,32150
20150611,21.8,17.9,25.6,1.7,32150
20150612,23.2,18.1,29.6,0.7,32150
20150613,22.6,17.5,28.4,0.7,32150
20150614,21.8,17.4,27.3,5.1,32150
20150615,23,19.2,28.4,0,32150
20150616,22.6,19.2,28.5,1.1,32150
20150617,21.4,18.2,25.9,2.9,32600
20150618,22.5,18.1,27.8,0.8,32600
20150619,22.4,18.4,27.8,2.2,32600
20150620,19.4,17.4,22.3,12.2,32600
20150621,21.2,17,26.8,0.1,32600
20150622,22.3,17.3,28,0.2,32600
20150623,23.1,18.2,29,0.1,32600
20150624,22.5,19.2,27.2,3.4,32600
20150625,21.8,18.9,25.9,14.6,32800
20150626,20.9,18.8,23.8,32.4,32800
20150627,21.6,18.4,25.8,0.7,32800
20150628,22.1,17.9,27.2,0,32800
20150629,23.5,18.5,29.1,0.2,32800
20150630,21.4,19,25.5,11.5,32800
20150701,22.6,18.4,28.1,0.9,32800
20150702,22.4,17,28.2,0.2,32800
20150703,22.3,17.6,28,0.5,32800
20150704,21.2,15.8,26.7,0,32800
20150705,21.8,17,27.4,0.4,33200
20150706,22.2,17.9,27.2,0.2,33200
20150707,20.1,17.7,23.1,13.3,33200
20150708,21,18.4,23.6,23,33200
20150709,22.8,20.2,26.2,19.1,33200
20150710,25,20.6,30.3,0,32100
20150711,25.9,22,31.1,9.2,32100
20150712,24.2,22.8,26.1,44.8,32100
20150713,23.9,21.8,26.7,3.6,32100
20150714,25.4,21,30.8,0.1,32100
20150715,25,20.7,31.2,1,32100
20150716,22.9,19.4,27.1,0,32100
20150717,21.6,17.8,25.7,0.3,32100
20150718,23,20.1,27.1,0.1,32100
20150719,24,20.2,28.6,1.5,32100
20150720,24.3,21.9,27.6,2.7,32100
20150721,24.6,22.1,28.3,4.1,32100
20150722,25.7,23,29.9,2.8,32100
20150723,25.9,23.6,29.4,13,32100
20150724,25.6,24.1,27.6,17.4,32100
20150725,26.5,24,29.6,8.8,32100
20150726,27,22.4,32.4,3.8,32100
20150727,26.6,23.5,30.4,1.8,32100
20150728,27.4,24.1,32,0.6,32100
20150729,27.3,24.3,31.1,7.1,33167
20150730,28.7,24.7,33.7,0,33250
20150731,28.3,24.5,33.6,0.2,33250
20150801,27.6,23.8,32.9,1,33250
20150802,27,23.5,31.5,5.1,33250
20150803,28.1,24.2,33.1,0,33250
20150804,28,23.3,33.3,0,33250
20150805,28,23.6,33.7,0,33250
20150806,28.4,23.4,34.3,0,33250
20150807,28.5,23.4,34.8,2.2,33250
20150808,27.1,23.6,33.8,6.8,33250
20150809,26.8,22.7,32.3,0,33250
20150810,26.4,22.7,31.5,0,33250
20150811,25.1,21.3,29.2,6.7,33250
20150812,23.8,20.4,27.9,5.1,33250
20150813,24.8,21,30.5,6.9,33250
20150814,25.1,20.8,30.8,1.1,33250
20150815,25.9,21.2,31.6,0,33250
20150816,24.8,21.4,29.7,6.9,33250
20150817,25.1,20.5,30.9,1,33250
20150818,25.2,21.3,30,0,33250
20150819,25,21.4,29,0,34000
20150820,24.1,22,27.3,5,34000
20150821,23.6,21.1,28.3,26.6,34000
20150822,24.3,21.1,28.6,0.3,34000
20150823,24.9,21.4,29.8,0.1,34000
20150824,24.7,22.1,27.9,3.1,34000
20150825,21.5,19.7,24,26.8,34000
20150826,22.2,18.7,26.9,0.4,34000
20150827,23.2,18.3,28.7,1.4,34200
20150828,23,18.8,28.7,2.5,34200
20150829,22.9,18.8,28.7,0,34200
20150830,23.2,18.3,29.1,0.4,34200
20150831,23.9,19.3,29.1,1.8,34200
20150901,23.6,20.8,27.9,5,34200
20150902,22.8,20,27.4,9.6,34200
20150903,22.9,19.2,28.1,1.8,34200
20150904,23.3,18.8,29,0,34200
20150905,21.7,19.4,25.6,9.4,34200
20150906,20.9,18,24.6,6.6,34600
20150907,20.7,15.9,26.4,0.1,34600
20150908,20,14.3,26.2,0,34600
20150909,20.3,13.6,27.1,0,34600
20150910,20.6,14.2,27.3,0,34600
20150911,21,15.7,26.6,1.5,31100
20150912,18.8,15.5,22.1,3.8,31100
20150913,18.6,13.5,25.1,0,31100
20150914,19.1,12.8,26.4,0,31100
20150915,19.3,13.3,25.7,0,31100
20150916,18.9,13.2,24.1,1.6,31100
20150917,19.3,15.2,24.2,4.4,31100
20150918,20.1,14.6,26.3,0,31100
20150919,20.1,15.2,26.7,0,31100
20150920,20.1,14.8,26.6,0,31100
20150921,20.6,15.1,27.9,0,31100
20150922,20.6,14.8,28,0,31100
20150923,19,15.6,22.5,8.4,31100
20150924,20.7,16.5,25.7,1.2,31100
20150925,20.6,16.3,26.3,0,31100
20150926,20.1,15.4,26.5,0,31100
20150927,19.7,13.7,27.6,0,31100
20150928,20.5,13.1,28.6,0,31100
20150929,20.7,14.4,27,0,31100
20150930,19.3,16.7,23.1,1.7,32056
20151001,18.1,14.5,22.6,37.4,32150
20151002,15.9,8.9,21.9,0,32150
20151003,18.2,11.9,24.9,0,32150
20151004,16.5,11,23.6,0,32150
20151005,16.7,11,24.4,0,32150
20151006,16.8,10.1,25.4,0,32150
20151007,17.2,10.8,24.8,0,32150
20151008,17.5,12.5,24.4,0.1,32150
20151009,16,10.2,21.4,0.4,32150
20151010,13.7,7.6,20.7,4.8,32150
20151011,12.7,8.6,17,2.2,32150
20151012,13.4,9.4,18.5,0.5,32150
20151013,14.4,7.5,21.8,0,32150
20151014,15.5,9.5,23.3,0,32150
20151015,15.7,9.9,23.8,0,32150
20151016,15.8,10.4,23.5,0,32150
20151017,16.1,10.2,24.8,0,32150
20151018,16.2,9.6,25.2,0,32150
20151019,16.4,10.7,23.5,0.1,32150
20151020,16.8,11.5,24.1,0,32150
20151021,16.9,11.8,23.9,0.2,32600
20151022,16.3,12.3,21.6,0.3,32600
20151023,16.3,12.3,22,0,32600
20151024,16.2,11.3,22.3,1.2,32600
20151025,14.7,9.6,21,0,32600
20151026,14.4,9.1,19.8,0.4,32600
20151027,13.4,9.7,17.8,16.3,32600
20151028,11.4,5.9,17.2,0,32600
20151029,10.5,5.4,16.3,0.4,32800
20151030,8,3.6,12.8,0,32800
20151031,6.3,0.7,13.2,0,32800
20151101,6.7,0.9,11.2,0.1,32800
20151102,10.1,4.6,16.4,0.2,32800
20151103,10.8,4.9,19,0,32800
20151104,10.9,3.8,20,0,32800
20151105,12.9,7.1,20.7,0,32800
20151106,13.5,8,19.2,2.6,32800
20151107,13.2,11.7,14.5,28,32800
20151108,13.7,12.5,15.1,13.8,33200
20151109,12.7,10.8,15.5,3.2,33200
20151110,11.1,7.6,15.3,0.2,33200
20151111,11.5,6.8,17.1,2,33200
20151112,13.7,9.1,18.1,0.6,33200
20151113,12.1,10.9,13.9,24.4,31100
20151114,13.8,12,16.2,5,31100
20151115,13.5,9.6,18.3,0,31100
20151116,12.6,8.9,15.8,10.7,31100
20151117,14.3,12.3,17.1,0.5,31100
20151118,11.6,9.4,14.2,7.9,31100
20151119,10.2,8.6,12.1,0.9,31100
20151120,11,7.6,15.9,0.1,31100
20151121,9.6,5.9,13.5,0.1,31100
20151122,11.3,7.3,15.5,4.6,31100
20151123,10.9,9.2,12.7,6.6,31100
20151124,8.5,6,11.2,2.8,31100
20151125,5.6,3.8,7.6,9,31100
20151126,0.9,-1.1,4.5,3.3,31100
20151127,1.1,-1.9,4,0.6,31100
20151128,3.2,0.1,7.2,0,31100
20151129,5.2,1.6,9.6,0.8,31100
20151130,6.4,1.5,11.6,0.2,31100
20151201,4.7,-0.9,12.1,0,31100
20151202,7.3,2.9,11.3,5.7,32056
20151203,3,-0.3,6.5,3,32150
20151204,2.8,-0.6,5.7,0.5,32150
20151205,5.5,2.1,8.7,0,32150
20151206,3.2,-0.7,8.3,0,32150
20151207,3.5,-2.5,9.9,0,32150
20151208,4.6,0,11.1,0,32150
20151209,6.2,-0.4,13.2,0,32150
20151210,8.7,6.6,10.6,14.1,32150
20151211,7.6,3.8,10.9,3.7,32150
20151212,5.5,1.1,10.8,0,32150
20151213,6.5,2.6,12.5,0,32150
20151214,6.9,4.2,8.7,3.9,32150
20151215,7.2,4.7,9.9,0.5,32150
20151216,1.7,-1.6,5.5,2.4,32150
20151217,-2,-4.8,1.4,0.3,32150
20151218,-0.5,-6,4.7,0,32150
20151219,1.4,-3,8.4,0,32150
20151220,2.1,-2.5,6,0.8,32150
20151221,4.3,0.5,9.3,1.5,32150
20151222,4.1,-1.1,9.6,0.1,32150
20151223,6.3,3.8,9,1.9,32600
20151224,4.2,0.8,8.7,0,32600
20151225,1.4,-2.6,5.8,0,32600
20151226,3.8,-2.1,9.8,0.2,32600
20151227,-0.8,-4.6,3.7,0,32600
20151228,-2.4,-6.4,2.2,0,32600
20151229,-1.4,-6.7,4.8,0,32600
20151230,0.9,-5.2,7.4,1.1,32600
20151231,2,-1.7,6.3,0.3,32800
20160101,1.7,-3.9,7.3,0,32800
20160102,5.1,0.3,11.5,0,32800
20160103,5.9,1,12.9,0,32800
20160104,5.3,0.1,10.1,0,32800
20160105,0.6,-2.4,4.4,0.5,32800
20160106,0.7,-4.2,5.4,0,32800
20160107,0.4,-2.6,4.3,0,32800
20160108,-0.5,-3.8,3.9,0,32800
20160109,0.7,-3.8,5.5,0,32800
20160110,1.7,-2.8,6.7,0,33200
20160111,-0.7,-4.4,4.3,0,33200
20160112,-2.1,-7.1,3.7,0,33200
20160113,-1.2,-4.9,2.3,0.8,33200
20160114,-1.1,-5.5,3.3,0.1,33200
20160115,-0.2,-5.3,6.2,0.1,31100
20160116,0.8,-4,7.3,0,31100
20160117,2.1,-1.3,5.6,3.3,31100
20160118,-2,-7.3,3.1,0.9,31100
20160119,-7.5,-9.7,-4.6,0.8,31100
20160120,-6.9,-10.9,-2.3,0,31100
20160121,-4.7,-8.4,0,0,31100
20160122,-4.2,-9.3,0.7,0,31100
20160123,-7,-11.3,-3.5,1.2,31100
20160124,-10.8,-14.2,-7.4,1.5,31100
20160125,-6.6,-12.4,-1.3,0.3,31100
20160126,-1.7,-7,3.5,0.1,31100
20160127,0.2,-4.8,6.1,0,31100
20160128,0.3,-4.6,3.6,6.7,31100
20160129,2.3,0.3,4.4,8.2,31100
20160130,2.2,-1.2,6.4,0.6,31100
20160131,-0.5,-3.2,2.9,0,31100
20160201,-2.9,-6.2,1.7,0,31100
20160202,-3.4,-8.6,2.7,0,31100
20160203,-1.8,-8.3,4.9,0,32056
20160204,0.4,-4.8,5.9,0,32150
20160205,-0.2,-5,5.4,0,32150
20160206,-1.4,-5.6,3.3,0.5,32150
20160207,-1.8,-8,5,0,32150
20160208,1.7,-5.7,7.4,0.2,32150
20160209,2.6,-2.2,7.5,0,32150
20160210,2.2,-4.9,10.8,0,32150
20160211,6.8,-1.2,13.7,0.2,32150
20160212,9.7,6.9,12,20.7,32150
20160213,11.7,7.1,16.2,11.4,32150
20160214,1.1,-3,9.5,0.8,32150
20160215,-3.1,-6,0.1,0.2,32150
20160216,-0.1,-4.4,4,0.5,32150
20160217,1.2,-4.1,6.5,0,32150
20160218,3.6,-2.9,9.7,0.1,32150
20160219,4.5,-0.2,8.9,0,32150
20160220,3.5,-0.6,8.7,0,32150
20160221,1,-3.6,6,0,32150
20160222,2.7,-1.5,6.5,0,32150
20160223,3.3,-1.3,8.5,0.2,32150
20160224,-1,-4.7,3.4,0.6,32600
20160225,0.3,-5.9,6,0,32600
20160226,2.8,-2.3,7.3,0.8,32600
20160227,5.2,1.2,10.6,1.4,32600
20160228,4,-0.5,10.5,5.8,32600
20160229,-1.8,-4.8,1.3,0.3,32600
20160301,-1.4,-7.3,4.3,0,32600
20160302,3.2,-3.8,10.4,0,32600
20160303,7.2,-0.1,15.2,0,32800
20160304,9.4,4.5,13.7,9.7,32800
20160305,11.8,8.2,15.5,27.9,32800
20160306,10.3,5.3,15.6,2.5,32800
20160307,8.9,3.4,14.9,0,32800
20160308,5.9,2.4,9.3,2.8,32800
20160309,3.1,0.3,8.2,2,32800
20160310,1.3,-1.9,5.7,0.1,32800
20160311,0.7,-3.9,5.8,0,32800
20160312,2.5,-4.2,8.7,0,32800
20160313,4.3,1,8.4,0.2,33200
20160314,4.2,-0.5,10,0,33200
20160315,5.6,-2.5,13.3,0,33200
20160316,8.8,3,16.4,0,33200
20160317,10.2,0.9,18.3,0.1,33200
20160318,11.2,7.9,15.4,9.3,32100
20160319,10.4,5.2,16.8,0,32100
20160320,8.2,3.3,13.8,0,32100
20160321,8.6,2.3,15.6,0,32100
20160322,9.3,2,16.9,0,32100
20160323,8.1,4.1,13.6,0.5,32100
20160324,6.4,1.2,12,0.2,32100
20160325,5.8,1.4,11.1,0.2,32100
20160326,5.7,0.2,12.1,0.5,32100
20160327,7,0,14.1,0,32100
20160328,9.3,0.7,17.5,0,32100
20160329,11.9,4.8,18,0.1,32100
20160330,12.7,6.4,20.3,0,32100
20160331,12.4,4.8,20.7,0,32100
20160401,13.2,4.3,22.8,0,32100
20160402,13.9,5.7,21.5,0,32100
20160403,11.7,8.9,15.2,9.5,32100
20160404,11.2,7.6,15.6,1.8,32100
20160405,12,5.1,19.6,0,32100
20160406,12.8,5.7,21,12.2,33167
20160407,12.7,9.2,18,21.9,33250
20160408,13.9,8,21.7,0,33250
20160409,14.9,8.2,22.2,0,33250
20160410,13.6,8.2,21.3,0.4,33250
20160411,10.9,6.8,16.1,0.2,33250
20160412,12.5,6.2,19,0.6,33250
20160413,14.2,10.9,18.2,13.1,33250
20160414,14.7,9.6,21.3,0,33250
20160415,13.7,6.5,21.2,0,33250
20160416,14.6,7.9,20.7,29.2,33250
20160417,13.1,10.1,17.2,9.5,33250
20160418,13,8.3,18.9,1.2,33250
20160419,12.5,7.4,19,0,33250
20160420,13.9,7.3,20.3,0.7,33250
20160421,13.8,10.9,17.3,28.8,33250
20160422,17.1,11.2,24.6,0,33250
20160423,15.2,10.9,20.7,0,33250
20160424,14.3,7.2,22.1,0,33250
20160425,15.9,7.3,24.9,0,33250
20160426,17,8.7,25.4,1.4,33250
20160427,12.4,10.8,15.5,25,34000
20160428,13.6,9.6,19.2,2.4,34000
20160429,14.4,8.4,20.9,0.1,34000
20160430,16.5,8.8,23.8,0,34000
20160501,18.1,10.4,26.1,0,34000
20160502,18.9,11.8,25.9,7.8,34000
20160503,15.3,11.7,19.8,26.8,34000
20160504,17,11.7,22.3,0.2,34000
20160505,18.2,9.3,26,0.8,34200
20160506,17.9,13.9,22.5,1.7,34200
20160507,17.1,11.3,23.6,0,34200
20160508,17.4,9.3,24.8,0,34200
20160509,18.1,13.6,23.4,0.2,34200
20160510,13.9,12.2,17.2,20.1,34200
20160511,15.7,11.4,21.7,0.9,34200
20160512,18,11,25.1,0,34200
20160513,16.6,11.9,22.5,0.1,34200
20160514,17.3,10.5,23.9,0,34200
20160515,18.1,11.7,24.3,12.6,34600
20160516,15.4,9.9,21.7,5.9,34600
20160517,17.8,8.6,26.6,0,34600
20160518,20.3,11.4,29.3,0,34600
20160519,20.3,12.4,28.8,0,34600
20160520,19.9,11.9,28,0,31100
20160521,20.1,12.3,27.9,0,31100
20160522,20.2,12.4,28.1,0,31100
20160523,20.6,12.5,27.8,0,31100
20160524,18,15,21.3,20.3,31100
20160525,19.4,13.7,25.8,0,31100
20160526,20.4,15.1,25.9,0.1,31100
20160527,21.5,16.8,27.5,0.1,31100
20160528,20.9,16.3,27.1,0.4,31100
20160529,20.2,15.7,26.5,0.6,31100
20160530,21.3,14.4,28.4,0,31100
20160531,21.7,15.5,28.1,0,31100
20160601,20.9,15.8,26.5,0,31100
20160602,20.2,13.1,27,0,31100
20160603,21.6,14.3,28.3,0,31100
20160604,19.4,16.3,22.9,3.9,31100
20160605,21,15,27.3,0,31100
20160606,19.5,16.8,22.6,0.7,31100
20160607,21.2,17.9,25.9,0.3,31100
20160608,21,18.1,25,1.7,32056
20160609,22.2,17.4,28.3,0,32150
20160610,22.8,17.7,28.8,0,32150
20160611,23.6,19.3,28.6,2.1,32150
20160612,23.1,20.4,26.5,2.6,32150
20160613,22.5,19.2,27.7,0.1,32150
20160614,22.1,18.4,27.4,0.5,32150
20160615,21.5,18.7,24.9,4.8,32150
20160616,22.1,19.1,25.9,1.7,32150
20160617,23.2,17.5,29.5,0,32150
20160618,23.7,17.9,29.8,0.8,32150
20160619,23.8,19.8,29.2,1.4,32150
20160620,23.2,18.5,28.4,5.7,32150
20160621,23.6,20.1,28.1,0.3,32150
20160622,22.8,20.6,26.4,7,32150
20160623,24.2,19.9,29.4,0.1,32150
20160624,21.9,19.9,25.2,30.3,32150
20160625,22.7,18.8,27.3,0,32150
20160626,23.2,17.5,29.3,0,32150
20160627,22.1,17.6,27,1,32150
20160628,22.4,17.8,27.4,0.5,32150
20160629,22.8,19.2,26.7,0.9,32600
20160630,24.4,20.8,29.2,1,32600
20160701,24.2,22,27.6,55.2,32600
20160702,23.6,21.5,27,24.6,32600
20160703,22.4,20,25.3,22.3,32600
20160704,22.2,20.2,24.7,53.2,32600
20160705,24.8,21.5,28.6,39.5,32600
20160706,23.6,21.2,27.4,27.8,32600
20160707,24.2,20.9,29,1.2,32800
20160708,25.4,20.8,31.2,1,32800
20160709,26.1,21.2,32.1,0,32800
20160710,26,21.7,31.1,0,32800
20160711,25.6,22.2,30.3,2.9,32800
20160712,24.6,22.4,28,8.2,32800
20160713,25.6,22.1,29.9,0.1,32800
20160714,25,21.4,30,2.3,32800
20160715,24.5,20.7,28.7,0.8,32800
20160716,21.7,20.4,23.8,27.9,32800
20160717,23.3,20.7,27,0.9,33200
20160718,23.7,19.7,28.7,0,33200
20160719,25,20.4,30,0.1,33200
20160720,25.3,21.6,29.8,0,33200
20160721,25.1,21.5,29.7,0,33200
20160722,25.8,21.7,30.7,0,31100
20160723,26.4,22.2,31.2,1.7,31100
20160724,27.3,23.6,32,4.8,31100
20160725,27.3,24.5,31.6,5.8,31100
20160726,28,24,32.8,0,31100
20160727,28,24.5,32,0.9,31100
20160728,28.3,24.8,32.7,0.8,31100
20160729,27.8,24,32.1,9.7,31100
20160730,28.4,25,33.3,6.7,31100
20160731,28,24.4,33.5,4.1,31100
20160801,27.4,23.7,32.8,2.4,31100
20160802,26.4,23.6,30.9,3,31100
20160803,26.7,23.1,31.8,1.6,31100
20160804,27.7,23.4,33,0.2,31100
20160805,28,23.3,33.6,0.2,31100
20160806,28.3,23.4,34,0.6,31100
20160807,28.5,24.1,34.2,1.5,31100
20160808,28.2,24,34.5,4.9,31100
20160809,27.7,23.9,32.6,0.6,31100
20160810,28.4,23.9,34,0,32056
20160811,29.3,24.1,35.4,0,32150
20160812,29.5,24.4,35.6,0,32150
20160813,29.5,24.6,35.3,0,32150
20160814,29.1,25,34.4,1,32150
20160815,28.5,25,33.8,2.6,32150
20160816,27.9,24.2,33.2,4,32150
20160817,27.7,23.2,33.3,0.7,32150
20160818,28,23.7,33.6,0.4,32150
20160819,28.2,23.8,33.6,0.4,32150
20160820,28.3,24.1,34,0.1,32150
20160821,27.9,23.2,33.8,0.2,32150
20160822,28,23,34,1.2,32150
20160823,27.3,23.6,32.2,1.8,32150
20160824,27.3,22.9,33.2,0,32150
20160825,27.2,21.3,33.7,2.1,32150
20160826,21.9,18.3,27.2,11.3,32150
20160827,22,17.1,27.1,0.6,32150
20160828,19.6,17.3,23.3,22.8,32150
20160829,20.5,16.3,25.4,3,32150
20160830,20.7,16.9,24.7,1,32150
20160831,21.8,18.5,25.3,7.8,32600
20160901,24.6,19.6,30.2,2,32600
20160902,21.4,19.4,24.8,28.9,32600
20160903,22.9,19.7,27.1,20.5,32600
20160904,24.6,21.1,29.4,2.1,32600
20160905,24.6,21.7,29.1,1.3,32600
20160906,23.6,20.2,27.8,0,32600
20160907,23.1,19.9,27.9,1.3,32600
20160908,22.7,18.6,28.2,3.2,32800
20160909,22.8,18.9,28.5,1.4,32800
20160910,22.4,18.7,27.6,5.1,32800
20160911,22.8,19.3,27.3,1.2,32800
20160912,21.7,19.1,25.9,7.8,32800
20160913,22.4,17.7,28.2,0,32800
20160914,22.6,18.7,27.7,0,32800
20160915,22.6,18.2,28.2,0,32800
20160916,22.1,19.6,25.3,5,32800
20160917,20.5,18.8,22.8,85.6,32800
20160918,20.3,18.3,22.8,6.5,33200
20160919,20.2,17.1,24.1,0.2,33200
20160920,18.8,13.9,24.4,0,33200
20160921,18.4,12.7,24.1,0,33200
20160922,19.4,15.8,24.6,0,33200
20160923,19.7,14.4,26.1,0,31100
20160924,20.4,15.4,27.1,0,31100
20160925,20.7,16.1,26.6,0,31100
20160926,21.7,17.9,26.5,2.2,31100
20160927,22.7,20.1,26.7,5.4,31100
20160928,21.3,18.8,24.7,7.6,31100
20160929,19.1,17,21.7,1.3,31100
20160930,17.8,15.9,19.9,13,31100
20161001,19.1,16.3,22.3,2.4,31100
20161002,20.8,17.8,24.4,6.1,31100
20161003,22.6,18.9,26.9,9.6,31100
20161004,21.4,16.8,27.2,0.6,31100
20161005,19.5,16.7,24.2,51.1,31100
20161006,18.6,14.4,24.3,0,31100
20161007,18.4,14.8,22.8,9.3,31100
20161008,17.4,14,21.5,23.6,31100
20161009,12.8,8.8,17.8,0,31100
20161010,13.3,8.4,19.1,0,31100
20161011,14.5,10.2,20.6,0,31100
20161012,15.1,10.8,21.2,0,32056
20161013,14.5,10.6,20.2,0,32150
20161014,15.2,9.2,23.1,0,32150
20161015,16.7,10.6,24.3,0,32150
20161016,16,13.9,18.5,18.5,32150
20161017,17.7,14,23.2,0.3,32150
20161018,16.3,12,22.4,0,32150
20161019,16.8,12.6,23.3,0,32150
20161020,16.8,11.7,22.7,0.1,32150
20161021,16.6,14.9,18.8,0.4,32150
20161022,16.8,13.6,21,0.4,32150
20161023,14.4,11.4,17.6,2.3,32150
20161024,14.2,9.5,19.4,0,32150
20161025,14.6,11.3,19.1,13.7,32150
20161026,13.8,10,18.3,0,32150
20161027,14.5,9.1,19.2,0,32150
20161028,14.1,12.1,16.5,5.6,32150
20161029,10.6,7.1,14,0.7,32150
20161030,8.1,2.9,15.1,0,32150
20161031,8.3,4.4,11.6,0.3,32150
20161101,4.6,0.4,9.7,0,32150
20161102,5.3,-1.2,11.8,0.1,32600
20161103,8.1,2.9,14.7,0.1,32600
20161104,10.2,3.5,17.4,0,32600
20161105,13.2,7.6,19.8,0.2,32600
20161106,12.6,8.9,16.5,1.6,32600
20161107,13.1,9.4,17.8,1.5,32600
20161108,8.2,3.1,12.7,1.7,32600
20161109,4.3,-0.7,10.5,0,32600
20161110,7.3,2.8,12,3.1,32800
20161111,9.3,4.5,15.2,0.9,32800
20161112,10,2.9,18.2,0,32800
20161113,12.6,6.9,18.3,3,32800
20161114,14.3,10.2,18.7,2.3,32800
20161115,9.5,3.4,15.2,0,32800
20161116,6.6,0.3,14.3,0,32800
20161117,8.7,3.3,16.1,0,32800
20161118,10,3.6,15.6,12.8,32800
20161119,13.4,10.6,16.7,1.2,32800
20161120,12.2,7.3,17.6,0,33200
20161121,10.3,6.1,14.2,0.1,33200
20161122,6.3,2.5,10.9,0.9,33200
20161123,3.1,-0.5,7.6,0.1,33200
20161124,0.7,-3,5.5,0,33200
20161125,1.9,-2.8,8.1,0,32100
20161126,1.2,-2.6,4.3,2.4,32100
20161127,4.1,1,8.5,0.1,32100
20161128,3.8,-0.2,8.4,0,32100
20161129,3.1,-2.3,10,0.2,32100
20161130,6.2,1.2,10.7,2.5,32100
20161201,6.5,0.8,10.8,0.1,32100
20161202,3,-2.6,10,0,32100
20161203,4,-2.6,12.1,0,32100
20161204,5.3,1.1,10.2,0,32100
20161205,7.9,2.5,13.8,0.1,32100
20161206,1.8,-2.9,6.7,0,32100
20161207,1.6,-4.2,7.6,0.1,32100
20161208,3.6,-2.5,9.7,1.3,32100
20161209,4.6,-0.5,8.9,1.3,32100
20161210,0.8,-3.9,7.1,0,32100
20161211,0.1,-5.7,7.8,0,32100
20161212,3.9,-2.8,10.1,0.2,32100
20161213,5.4,1.4,9.9,0.3,32100
20161214,1.6,-1,4.7,2.5,33167
20161215,-0.8,-4.2,2.7,0.1,33250
20161216,-1.8,-6.9,2.9,0,33250
20161217,3.4,-2.2,10.1,0,33250
20161218,4.4,-1.1,10.6,0.1,33250
20161219,7.2,3.4,10.5,4.9,33250
20161220,7.3,3.3,13,0,33250
20161221,8.7,3,13.7,24.2,33250
20161222,8.4,4.4,15.3,14.4,33250
20161223,1.7,-0.3,4.6,0.6,33250
20161224,0.5,-2.3,4,0,33250
20161225,2.9,-2.9,9,0.1,33250
20161226,4.6,2.9,6.2,10.3,33250
20161227,1.2,-3.2,4.5,2.1,33250
20161228,-1.4,-6.5,4.8,0,33250
20161229,-1.3,-4.5,2.1,0.2,33250
20161230,-1.4,-7,4.6,0,33250
20161231,1.7,-2.9,7.1,0,33250
20170101,3.2,-1.5,9.6,0,33250
20170102,5.5,0.4,11.3,0,33250
20170103,3.6,-0.9,9.8,0,33250
20170104,3.8,-1.3,10.6,0,34000
20170105,4.3,-0.7,8.5,2,34000
20170106,5.2,0.8,10.5,0.1,34000
20170107,4,-1.4,9.5,0.1,34000
20170108,7.2,3.9,11.9,1.6,34000
20170109,4.4,-0.5,8.1,0.1,34000
20170110,0.4,-2.9,4.7,0,34000
20170111,-1.7,-6.2,2.8,0,34000
20170112,0.7,-3.7,5.6,0.2,34200
20170113,-2.2,-5.9,2.8,0.3,34200
20170114,-5,-7.8,-1.8,0,34200
20170115,-4.8,-10.6,1.6,0,34200
20170116,-3,-8.8,4.4,0,34200
20170117,-1.7,-7.8,5.8,0,34200
20170118,0.5,-4.5,5.9,0,34200
20170119,0.1,-5,6.8,0,34200
20170120,-1.7,-5.4,1.4,3.3,34200
20170121,-2.6,-8.1,2,0.6,34200
20170122,-3.7,-6.9,0.1,0.6,34600
20170123,-5.9,-9.9,-1.1,0.1,34600
20170124,-4.7,-10.1,1.5,0,34600
20170125,-3.7,-9.7,3.3,0,34600
20170126,-0.9,-9.1,6.8,0.1,34600
20170127,1.5,-3.7,6.6,1.2,31100
20170128,0.5,-7.3,8.3,0,31100
20170129,3.3,0.9,5.7,3.9,31100
20170130,-1,-5.5,3.2,1.1,31100
20170131,-2.9,-8.7,3.7,0,31100
20170201,-1.2,-5.4,4.2,0,31100
20170202,-0.9,-7.5,6.1,0,31100
20170203,1.8,-3.8,8.6,0,31100
20170204,4.1,-2.3,9.9,0.8,31100
20170205,4.2,1.8,7.5,1.1,31100
20170206,0.8,-2.6,4.7,0,31100
20170207,0.1,-4.7,6.3,0,31100
20170208,0.8,-3.6,5.3,0,31100
20170209,-2.1,-5,1.2,0.1,31100
20170210,-4.1,-6.8,-0.5,0.6,31100
20170211,-2.8,-7.5,1.8,0.1,31100
20170212,-0.7,-6.1,5.4,0,31100
20170213,1,-5.9,7.3,0.3,31100
20170214,1.5,-3.4,7.6,0,31100
20170215,2.4,-5.3,11,0,32056
20170216,7.1,-2.8,14.5,1.4,32150
20170217,5.6,-1,12,1.7,32150
20170218,0,-4.6,5.1,0,32150
20170219,3.4,-5,10,2,32150
20170220,2.9,-3,9.6,5.4,32150
20170221,0.8,-6.2,7.9,0,32150
20170222,3.6,0.3,5.9,16.1,32150
20170223,1.4,-2,5,0,32150
20170224,0.6,-4.7,6.1,0,32150
20170225,3.1,-2.6,9.2,0,32150
20170226,3.4,-2,10,0,32150
20170227,3.6,-2.5,11.1,0.1,32150
20170228,4.8,-2.5,13,0,32150
20170301,6.2,0.7,12.7,2.1,32150
20170302,3.2,-0.7,6.9,2,32150
20170303,3.9,-3.2,11.7,0,32150
20170304,5.6,-1,13.7,0,32150
20170305,6.2,-0.3,13.8,0.2,32150
20170306,2.9,-1.1,7,0.3,32150
20170307,0.1,-3.2,4.4,0.5,32150
20170308,1.4,-3.8,6.3,0,32600
20170309,5,-1.6,11.3,0,32600
20170310,5.4,-1.3,12.7,0,32600
20170311,6.5,-2.2,15.8,0,32600
20170312,8.5,0.2,16.4,0,32600
20170313,7.9,2.7,13.7,0,32600
20170314,5.5,0.6,11.4,0.6,32600
20170315,4.8,-1.8,12.2,0,32600
20170316,5.6,-1.4,13.1,0,32800
20170317,6.9,-1.2,15.5,0,32800
20170318,8.4,2.3,16.8,0,32800
20170319,9.1,0.7,17.9,0,32800
20170320,8.3,2.1,13.6,2.8,32800
20170321,7.1,2.4,12.5,1.5,32800
20170322,6.9,-0.6,14,0,32800
20170323,8.7,3.8,15.1,0.1,32800
20170324,7.8,2.3,13.3,0,32800
20170325,6.4,4,9.7,6,32800
20170326,6.2,2.8,10.8,1.2,33200
20170327,6,2.4,10.8,1.3,33200
20170328,7.3,0.7,13.6,0.7,33200
20170329,8.5,4,14,1.1,33200
20170330,10.5,2.8,18.4,0,33200
20170331,8.7,6.2,12.1,3.8,31100
20170401,7.5,4.1,12.3,3.4,31100
20170402,8.2,1.7,15.1,0,31100
20170403,11.5,2.9,20.2,0,31100
20170404,13.4,4.1,21.9,0,31100
20170405,13.3,10.2,16.2,17.7,31100
20170406,13.6,10.5,17.1,9.8,31100
20170407,14.2,8.5,21.9,0,31100
20170408,14.9,8.1,23.1,0,31100
20170409,13.4,9.2,18.2,0.6,31100
20170410,13.4,8.3,19.5,0.1,31100
20170411,12.2,8.4,18.2,10.8,31100
20170412,12.3,7.2,17.7,0,31100
20170413,13.1,4.6,20.3,0,31100
20170414,14.7,8.5,20.5,0.9,31100
20170415,17.6,11.3,24.8,0.1,31100
20170416,17.8,10.3,26.6,0,31100
20170417,13.6,10.8,17.2,15.3,31100
20170418,13.3,8.6,20.1,3.1,31100
20170419,13.3,7.4,19.4,0,32056
20170420,12.4,8.9,17.6,0.9,32150
20170421,13,7.1,19.9,0,32150
20170422,13,7,20,0.1,32150
20170423,14,6,21.8,0,32150
20170424,15,6.4,22.5,0,32150
20170425,16.9,11,22.4,0.8,32150
20170426,14.9,10.1,20.1,1.2,32150
20170427,13,6.4,19.3,0,32150
20170428,15.1,6.2,23.3,0,32150
20170429,17.1,8.2,25,0,32150
20170430,19.8,11.9,27.7,0,32150
20170501,17.8,11.3,25.4,0,32150
20170502,16.9,9.4,24.7,0,32150
20170503,18.3,9.5,27.2,0,32150
20170504,19.1,11.3,26.4,0.3,32150
20170505,19.8,15.6,25.1,3.7,32150
20170506,16.7,11.1,22.6,0,32150
20170507,17.3,9.2,24.7,0,32150
20170508,18.2,10.3,24.9,0,32150
20170509,14.9,12.9,19.1,11.2,32150
20170510,15.5,12.6,19.7,1.1,32600
20170511,18.9,12.3,25.8,0.3,32600
20170512,18,14.4,21.8,1.7,32600
20170513,17.5,12.3,24.5,2.9,32600
20170514,16.7,11.3,22.7,0,32600
20170515,16,10.2,21.7,0,32600
20170516,16.5,11.1,22.2,0,32600
20170517,17.4,11,24.7,0.7,32600
20170518,19.7,11.5,27.4,0,32800
20170519,21.5,13.5,29.5,0,32800
20170520,21,13.8,28.4,0,32800
20170521,20.7,13.8,27.9,0,32800
20170522,20.2,13.1,27.3,0,32800
20170523,19.6,13.7,25.5,1.4,32800
20170524,19.8,16,25.4,3.6,32800
20170525,19.6,13.2,27.8,0,32800
20170526,16.1,10.9,21.7,0,32800
20170527,17.5,9.8,25.1,0,32800
20170528,20.6,11.8,28.3,0,33200
20170529,23.4,16.6,30.6,0,33200
20170530,23.1,16.2,30.4,0,33200
20170531,21.6,16.5,27.9,2.5,33200
20170601,21,16.2,27.3,2.6,33200
20170602,19,12.3,25.6,0.1,31100
20170603,19.3,14.2,25.3,0.2,31100
20170604,19.5,11.5,27,0.2,31100
20170605,20.3,13,27.6,0,31100
20170606,17.8,14.5,21.7,10.7,31100
20170607,18.4,15.9,21.2,5.5,31100
20170608,20.5,15.9,26.4,0,31100
20170609,22,15.5,28.6,0.4,31100
20170610,21.2,16.6,26.6,0.4,31100
20170611,20.4,14.2,27.1,0.9,31100
20170612,19.5,14.7,24.8,0,31100
20170613,19.2,14.7,25.4,2.1,31100
20170614,20.7,14.4,27.2,0,31100
20170615,22.6,16,29.8,0,31100
20170616,22.2,16.4,28.7,0,31100
20170617,22.4,16.3,29.3,0,31100
20170618,23.4,16.3,31.2,0,31100
20170619,24.2,17.1,31.7,0,31100
20170620,23.2,18.1,28.7,2.1,31100
20170621,23.4,18.7,29.1,0.3,32056
20170622,23.9,18.2,30.3,0,32150
20170623,24.7,18.6,31.5,0,32150
20170624,23.2,19.3,29,2.5,32150
20170625,22.7,19.1,28.2,10.4,32150
20170626,22.2,19.6,26.8,12.4,32150
20170627,23.1,19.7,28.1,3,32150
20170628,24.2,19.8,29.9,1.5,32150
20170629,23.9,20.4,28.6,5.2,32150
20170630,25.3,20.8,30.4,0.3,32150
20170701,25.3,22.6,29,4,32150
20170702,25.6,23.3,28.8,23.3,32150
20170703,25.6,23.5,29.1,29.4,32150
20170704,25.4,22.9,29.8,20.7,32150
20170705,26,22.5,31.2,1.7,32150
20170706,25.4,22,30.5,15,32150
20170707,26,22.9,29.1,4.4,32150
20170708,25.6,23.4,28.6,24.4,32150
20170709,27,23.4,32,9.6,32150
20170710,26.1,24.1,28.5,26.7,32150
20170711,26.5,23.2,30.7,4.8,32150
20170712,27.2,23.1,32.6,0,32600
20170713,27.1,22.2,33,0,32600
20170714,26.8,22.9,33.2,9.8,32600
20170715,25.5,23.1,28.4,20.7,32600
20170716,26.7,23.7,30.4,25.1,32600
20170717,26.4,23.4,30.6,6.2,32600
20170718,26,23.1,30,3.4,32600
20170719,27.4,23.5,32.8,0,32600
20170720,28.4,23.8,33.6,0,32800
20170721,29.4,25.5,34.1,0.7,32800
20170722,27.8,24.8,32.2,4.6,32800
20170723,26.8,24.4,29.5,13.2,32800
20170724,27.1,24.9,31.2,10,32800
20170725,26.8,23.9,31,10.7,32800
20170726,26,21.7,30.8,0,32800
20170727,25.5,20.4,31.1,0.3,32800
20170728,26,22.2,30.2,11.3,32800
20170729,25.4,23.4,28.5,7.4,32800
20170730,26.1,23,30.6,0.8,33200
20170731,24.8,23.1,27,19.9,33200
20170801,26.6,22.9,31.9,2.2,33200
20170802,27.2,23.8,32,0.4,33200
20170803,27.2,23.1,31.9,0,33200
20170804,28.5,23.5,33.9,0,32100
20170805,29.6,24.7,35.1,0.6,32100
20170806,29.4,25.1,34.8,1.7,32100
20170807,28.5,24.8,33.8,1.6,32100
20170808,27.4,23.5,32.3,0.4,32100
20170809,25.6,23.5,28.4,11.6,32100
20170810,25.6,23.4,29.1,15.7,32100
20170811,25.8,22.3,31.2,8.8,32100
20170812,25.6,21.8,30.3,0.8,32100
20170813,24.1,21.4,26.8,3.1,32100
20170814,22.9,21.4,25.1,42.9,32100
20170815,23.2,21.6,25.2,29.1,32100
20170816,24.6,22,28.3,6.4,32100
20170817,24.5,21.8,28.7,5.3,32100
20170818,25,21.7,29.9,6,32100
20170819,24.9,21.9,29.1,8.1,32100
20170820,24.7,22.7,27.8,24.6,32100
20170821,25.4,23,29.4,26,32100
20170822,26.7,23.4,31.6,8.2,32100
20170823,27.8,24.4,32,10.6,33167
20170824,28,24.7,31.6,14.4,33250
20170825,25.9,21.2,31.3,3,33250
20170826,23.2,17.9,29.6,0,33250
20170827,22.4,16.6,28.6,0,33250
20170828,23.7,18.3,28.8,8.4,33250
20170829,22.3,18.2,26.9,1.1,33250
20170830,19.7,16.6,24,0,33250
20170831,21.1,15.5,27.3,0,33250
20170901,21.3,16,27.6,0,33250
20170902,20.7,15.3,26.5,0,33250
20170903,21.3,15.3,27.8,0,33250
20170904,21.9,17,27.7,0,33250
20170905,20.7,18.1,23.4,1.6,33250
20170906,20.9,18.5,23.9,15.4,33250
20170907,21.4,17.8,26.9,1.2,33250
20170908,22.4,17.7,28.8,0,33250
20170909,22.2,17.4,28.8,0,33250
20170910,22.4,18,27.4,0.2,33250
20170911,20.6,18.2,23.6,46.6,33250
20170912,21.8,17.1,27.8,0,33250
20170913,20.1,14.4,27.2,0,34000
20170914,20.3,13.6,27.2,0,34000
20170915,20.6,16.5,25.3,0,34000
20170916,20.5,16.1,24.8,0.1,34000
20170917,21.1,17,26.1,1.8,34000
20170918,20.7,15.2,27.2,0,34000
20170919,21.9,16.5,27.3,3.5,34000
20170920,19.7,14,24.5,0.4,34000
20170921,18.2,11.8,25.7,0,34200
20170922,19.3,14,26.5,0,34200
20170923,19.9,14.9,26.3,0,34200
20170924,21.1,16,27.6,0,34200
20170925,21.8,16.9,28.5,0,34200
20170926,22.3,16.9,28.3,0,34200
20170927,19.4,17.3,22.6,21,34200
20170928,19.7,15,25.1,0.2,34200
20170929,15.8,10.3,21.8,0,34200
20170930,17.3,9.9,25.9,0,34200
20171001,16.6,12.9,20.3,21.2,34600
20171002,19.9,16.5,24.6,15,34600
20171003,18.1,14.9,23.1,0.6,34600
20171004,17.1,13,22.3,0.1,34600
20171005,16.8,13,21,1.1,34600
20171006,16.5,13.9,19,8.4,31100
20171007,19.4,15.9,24.6,0.1,31100
20171008,20.4,16.3,26.5,0,31100
20171009,20.9,16.4,27.1,0,31100
20171010,20.9,16.8,26.6,1.5,31100
20171011,17.7,14.6,21.8,6.3,31100
20171012,13.1,10.6,15.5,9.3,31100
20171013,13,7.7,19.2,0,31100
20171014,14.1,8.9,20.3,0,31100
20171015,14.7,10,19.4,0.8,31100
20171016,15.5,12.1,20.2,0,31100
20171017,15.1,9.7,21.6,0,31100
20171018,15.6,13,18.7,0.3,31100
20171019,15.3,11.3,20.5,0.5,31100
20171020,15.2,10.1,22.4,0,31100
20171021,15.1,9.4,22.6,0,31100
20171022,15.5,9.4,21.7,0.1,31100
20171023,12.9,8,18.6,0,31100
20171024,11.7,7.3,18.5,0.1,31100
20171025,11.7,6,19.8,0,32056
20171026,12.7,6.9,19.5,0,32150
20171027,14.4,9.6,21.5,0,32150
20171028,15.3,9.2,22.1,0,32150
20171029,12.8,7.6,19.4,1.9,32150
20171030,7.9,2.9,14.1,0,32150
20171031,8.8,1,17.5,0,32150
20171101,12.2,6,18.5,0,32150
20171102,13.4,9,19.3,0.1,32150
20171103,12.1,7.1,18.4,1.3,32150
20171104,8.1,3.6,13.8,1.3,32150
20171105,7.6,1.4,15.7,0,32150
20171106,9.6,2.6,18,0,32150
20171107,13.5,6.4,19.8,0.1,32150
20171108,14.1,7.5,19.6,0,32150
20171109,9.2,2.8,17.6,0,32150
20171110,11.5,4.3,19.4,2,32150
20171111,6.7,1.7,12.1,0,32150
20171112,5.6,-0.6,13.6,0,32150
20171113,8.2,1.2,14.4,0.4,32150
20171114,9.2,4.1,14.4,0,32150
20171115,5.5,1.2,10.3,0,32600
20171116,3.1,-1.6,9.3,0,32600
20171117,5.1,-2,10.4,0.2,32600
20171118,2,-2.1,7.6,0,32600
20171119,0.8,-4.1,5.5,0,32600
20171120,3.1,-1.5,8.3,0,32600
20171121,2.9,-2.7,10.2,0,32600
20171122,5.3,0.1,10.7,0.5,32600
20171123,2.3,-2,6.7,0.6,32800
20171124,1.9,-2.1,6.5,1.3,32800
20171125,4,-3.4,10.4,3.3,32800
20171126,6.3,0.8,12.4,1.3,32800
20171127,3.9,-1.8,11.6,0,32800
20171128,7.3,0.7,14.4,0,32800
20171129,7.5,3.1,12.2,0,32800
20171130,2.1,-1.9,6.6,0,32800
20171201,-0.6,-5.2,4.8,0,32800
20171202,1.3,-4.9,8.1,0,32800
20171203,4.4,-1.7,11,0.5,33200
20171204,2.2,-2.6,6.9,0.2,33200
20171205,-2.3,-6,1.9,0.2,33200
20171206,0.6,-5.2,6.7,0.9,33200
20171207,2.6,-1.9,7.6,0.9,33200
20171208,-1.3,-4.3,2.4,0.2,31100
20171209,0.7,-4.5,6.2,0,31100
20171210,3.5,-1.1,8.9,2.2,31100
20171211,-3,-6.7,1.7,0.2,31100
20171212,-6,-9.7,-1.7,0,31100
20171213,-5.2,-9.6,0.4,0,31100
20171214,-4,-10.5,2.8,0,31100
20171215,-0.8,-7.2,4.7,0,31100
20171216,-1.7,-5.6,2.1,0.2,31100
20171217,-4.4,-9,0.3,0.1,31100
20171218,-0.2,-7.3,5.7,0.3,31100
20171219,-1.3,-5.9,3.4,0.1,31100
20171220,-1.5,-7.8,4.7,0.7,31100
20171221,-0.1,-4.8,5.8,0,31100
20171222,1.7,-4.3,8.5,0,31100
20171223,3.9,-1.1,11,0,31100
20171224,4.3,1.3,8.1,14.2,31100
20171225,0.2,-2.7,3.5,0,31100
20171226,-0.6,-4.9,4.1,0.1,31100
20171227,-3.9,-8,0.7,0,32056
20171228,-1.5,-6.9,3.7,0,32150
20171229,2.9,-2.1,8,0,32150
20171230,2.9,-1.6,7.1,0.6,32150
20171231,2.1,-2,5.8,0.4,32150
